,z,t,theta_train,psi_train
0,10.0,0.1,0.4098,-0.431
1,10.0,0.102,0.4097,-0.439
2,10.0,0.103,0.4097,-0.443
3,10.0,0.105,0.4097,-0.451
4,10.0,0.106,0.4097,-0.454
5,10.0,0.108,0.4097,-0.462
6,10.0,0.11,0.4097,-0.47
7,10.0,0.111,0.4097,-0.474
8,10.0,0.113,0.4097,-0.482
9,10.0,0.115,0.4097,-0.489
10,10.0,0.116,0.4097,-0.493
11,10.0,0.118,0.4097,-0.501
12,10.0,0.12,0.4097,-0.508
13,10.0,0.122,0.4096,-0.516
14,10.0,0.124,0.4096,-0.523
15,10.0,0.126,0.4096,-0.531
16,10.0,0.128,0.4096,-0.538
17,10.0,0.13,0.4096,-0.546
18,10.0,0.132,0.4096,-0.553
19,10.0,0.134,0.4096,-0.561
20,10.0,0.136,0.4096,-0.568
21,10.0,0.138,0.4096,-0.576
22,10.0,0.14,0.4096,-0.583
23,10.0,0.142,0.4095,-0.591
24,10.0,0.144,0.4095,-0.598
25,10.0,0.146,0.4095,-0.605
26,10.0,0.149,0.4095,-0.616
27,10.0,0.151,0.4095,-0.624
28,10.0,0.153,0.4095,-0.631
29,10.0,0.156,0.4095,-0.642
30,10.0,0.158,0.4095,-0.649
31,10.0,0.16,0.4094,-0.656
32,10.0,0.163,0.4094,-0.667
33,10.0,0.165,0.4094,-0.674
34,10.0,0.168,0.4094,-0.684
35,10.0,0.17,0.4094,-0.691
36,10.0,0.173,0.4094,-0.702
37,10.0,0.176,0.4094,-0.713
38,10.0,0.178,0.4093,-0.72
39,10.0,0.181,0.4093,-0.73
40,10.0,0.184,0.4093,-0.741
41,10.0,0.187,0.4093,-0.751
42,10.0,0.19,0.4093,-0.762
43,10.0,0.193,0.4092,-0.772
44,10.0,0.195,0.4092,-0.779
45,10.0,0.198,0.4092,-0.789
46,10.0,0.202,0.4092,-0.803
47,10.0,0.205,0.4092,-0.813
48,10.0,0.208,0.4092,-0.823
49,10.0,0.211,0.4091,-0.833
50,10.0,0.214,0.4091,-0.843
51,10.0,0.217,0.4091,-0.853
52,10.0,0.221,0.4091,-0.867
53,10.0,0.224,0.4091,-0.877
54,10.0,0.228,0.409,-0.89
55,10.0,0.231,0.409,-0.9
56,10.0,0.235,0.409,-0.913
57,10.0,0.238,0.409,-0.923
58,10.0,0.242,0.4089,-0.936
59,10.0,0.246,0.4089,-0.949
60,10.0,0.249,0.4089,-0.959
61,10.0,0.253,0.4088,-0.972
62,10.0,0.257,0.4088,-0.984
63,10.0,0.261,0.4088,-0.997
64,10.0,0.265,0.4088,-1.01
65,10.0,0.269,0.4087,-1.022
66,10.0,0.273,0.4087,-1.035
67,10.0,0.277,0.4087,-1.047
68,10.0,0.282,0.4086,-1.063
69,10.0,0.286,0.4086,-1.075
70,10.0,0.29,0.4086,-1.087
71,10.0,0.295,0.4085,-1.103
72,10.0,0.299,0.4085,-1.115
73,10.0,0.304,0.4085,-1.131
74,10.0,0.309,0.4084,-1.146
75,10.0,0.313,0.4084,-1.158
76,10.0,0.318,0.4084,-1.173
77,10.0,0.323,0.4083,-1.188
78,10.0,0.328,0.4083,-1.203
79,10.0,0.333,0.4082,-1.218
80,10.0,0.338,0.4082,-1.232
81,10.0,0.343,0.4082,-1.247
82,10.0,0.349,0.4081,-1.264
83,10.0,0.354,0.4081,-1.279
84,10.0,0.359,0.408,-1.293
85,10.0,0.365,0.408,-1.31
86,10.0,0.371,0.4079,-1.327
87,10.0,0.376,0.4079,-1.341
88,10.0,0.382,0.4078,-1.359
89,10.0,0.388,0.4078,-1.375
90,10.0,0.394,0.4077,-1.392
91,10.0,0.4,0.4077,-1.409
92,10.0,0.406,0.4076,-1.426
93,10.0,0.412,0.4076,-1.443
94,10.0,0.419,0.4075,-1.462
95,10.0,0.425,0.4075,-1.478
96,10.0,0.432,0.4074,-1.497
97,10.0,0.438,0.4074,-1.513
98,10.0,0.445,0.4073,-1.532
99,10.0,0.452,0.4072,-1.55
100,10.0,0.459,0.4072,-1.569
101,10.0,0.466,0.4071,-1.587
102,10.0,0.473,0.407,-1.605
103,10.0,0.48,0.407,-1.623
104,10.0,0.488,0.4069,-1.644
105,10.0,0.495,0.4068,-1.661
106,10.0,0.503,0.4068,-1.682
107,10.0,0.51,0.4067,-1.7
108,10.0,0.518,0.4066,-1.72
109,10.0,0.526,0.4066,-1.74
110,10.0,0.534,0.4065,-1.76
111,10.0,0.542,0.4064,-1.78
112,10.0,0.551,0.4064,-1.803
113,10.0,0.559,0.4063,-1.822
114,10.0,0.568,0.4062,-1.844
115,10.0,0.576,0.4061,-1.864
116,10.0,0.585,0.406,-1.885
117,10.0,0.594,0.4059,-1.906
118,10.0,0.603,0.4058,-1.927
119,10.0,0.613,0.4058,-1.951
120,10.0,0.622,0.4057,-1.971
121,10.0,0.632,0.4056,-1.994
122,10.0,0.641,0.4055,-2.014
123,10.0,0.651,0.4054,-2.037
124,10.0,0.661,0.4053,-2.059
125,10.0,0.671,0.4052,-2.082
126,10.0,0.682,0.4051,-2.106
127,10.0,0.692,0.405,-2.129
128,10.0,0.703,0.4049,-2.153
129,10.0,0.713,0.4048,-2.175
130,10.0,0.724,0.4047,-2.199
131,10.0,0.736,0.4046,-2.226
132,10.0,0.747,0.4045,-2.249
133,10.0,0.758,0.4044,-2.273
134,10.0,0.77,0.4043,-2.298
135,10.0,0.782,0.4042,-2.323
136,10.0,0.794,0.404,-2.348
137,10.0,0.806,0.4039,-2.373
138,10.0,0.818,0.4038,-2.397
139,10.0,0.831,0.4037,-2.423
140,10.0,0.844,0.4035,-2.448
141,10.0,0.857,0.4034,-2.474
142,10.0,0.87,0.4033,-2.499
143,10.0,0.883,0.4032,-2.524
144,10.0,0.897,0.403,-2.551
145,10.0,0.91,0.4029,-2.576
146,10.0,0.924,0.4028,-2.602
147,10.0,0.939,0.4026,-2.631
148,10.0,0.953,0.4025,-2.657
149,10.0,0.968,0.4023,-2.686
150,10.0,0.982,0.4022,-2.712
151,10.0,0.997,0.4021,-2.74
152,10.0,1.013,0.4019,-2.769
153,10.0,1.028,0.4018,-2.797
154,10.0,1.044,0.4016,-2.826
155,10.0,1.06,0.4015,-2.854
156,10.0,1.076,0.4013,-2.883
157,10.0,1.093,0.4012,-2.912
158,10.0,1.11,0.401,-2.941
159,10.0,1.127,0.4009,-2.97
160,10.0,1.144,0.4007,-2.998
161,10.0,1.162,0.4005,-3.027
162,10.0,1.179,0.4003,-3.055
163,10.0,1.198,0.4002,-3.085
164,10.0,1.216,0.4,-3.114
165,10.0,1.235,0.3998,-3.144
166,10.0,1.254,0.3996,-3.173
167,10.0,1.273,0.3995,-3.203
168,10.0,1.292,0.3993,-3.232
169,10.0,1.312,0.3991,-3.263
170,10.0,1.332,0.3989,-3.294
171,10.0,1.353,0.3987,-3.326
172,10.0,1.374,0.3985,-3.359
173,10.0,1.395,0.3983,-3.391
174,10.0,1.416,0.3981,-3.422
175,10.0,1.438,0.3979,-3.455
176,10.0,1.46,0.3978,-3.488
177,10.0,1.482,0.3976,-3.52
178,10.0,1.505,0.3974,-3.553
179,10.0,1.528,0.3972,-3.585
180,10.0,1.552,0.397,-3.618
181,10.0,1.575,0.3968,-3.65
182,10.0,1.599,0.3966,-3.681
183,10.0,1.624,0.3964,-3.714
184,10.0,1.649,0.3961,-3.746
185,10.0,1.674,0.3959,-3.778
186,10.0,1.7,0.3957,-3.81
187,10.0,1.726,0.3955,-3.842
188,10.0,1.753,0.3952,-3.875
189,10.0,1.779,0.395,-3.907
190,10.0,1.807,0.3948,-3.941
191,10.0,1.835,0.3945,-3.975
192,10.0,1.863,0.3943,-4.008
193,10.0,1.891,0.3941,-4.042
194,10.0,1.92,0.3938,-4.076
195,10.0,1.95,0.3936,-4.112
196,10.0,1.98,0.3933,-4.147
197,10.0,2.01,0.3931,-4.182
198,10.0,2.041,0.3928,-4.218
199,10.0,2.072,0.3926,-4.254
200,10.0,2.104,0.3923,-4.29
201,10.0,2.136,0.3921,-4.326
202,10.0,2.169,0.3918,-4.363
203,10.0,2.202,0.3916,-4.399
204,10.0,2.236,0.3913,-4.435
205,10.0,2.271,0.3911,-4.471
206,10.0,2.305,0.3908,-4.506
207,10.0,2.341,0.3906,-4.541
208,10.0,2.377,0.3903,-4.576
209,10.0,2.413,0.3901,-4.61
210,10.0,2.45,0.3899,-4.644
211,10.0,2.488,0.3896,-4.678
212,10.0,2.526,0.3893,-4.712
213,10.0,2.565,0.389,-4.747
214,10.0,2.604,0.3888,-4.781
215,10.0,2.644,0.3885,-4.816
216,10.0,2.685,0.3882,-4.851
217,10.0,2.726,0.3879,-4.886
218,10.0,2.768,0.3877,-4.922
219,10.0,2.81,0.3874,-4.958
220,10.0,2.853,0.3871,-4.995
221,10.0,2.897,0.3868,-5.032
222,10.0,2.942,0.3865,-5.07
223,10.0,2.987,0.3862,-5.108
224,10.0,3.033,0.3859,-5.146
225,10.0,3.079,0.3856,-5.184
226,10.0,3.126,0.3853,-5.222
227,10.0,3.174,0.385,-5.26
228,10.0,3.223,0.3847,-5.299
229,10.0,3.273,0.3844,-5.338
230,10.0,3.323,0.3841,-5.375
231,10.0,3.374,0.3838,-5.413
232,10.0,3.426,0.3835,-5.451
233,10.0,3.478,0.3832,-5.487
234,10.0,3.532,0.3829,-5.524
235,10.0,3.586,0.3826,-5.56
236,10.0,3.641,0.3823,-5.595
237,10.0,3.697,0.382,-5.63
238,10.0,3.754,0.3818,-5.665
239,10.0,3.811,0.3815,-5.699
240,10.0,3.87,0.3812,-5.734
241,10.0,3.929,0.3809,-5.768
242,10.0,3.989,0.3807,-5.802
243,10.0,4.051,0.3804,-5.837
244,10.0,4.113,0.3801,-5.871
245,10.0,4.176,0.3798,-5.906
246,10.0,4.24,0.3795,-5.941
247,10.0,4.305,0.3792,-5.977
248,10.0,4.371,0.3789,-6.013
249,10.0,4.438,0.3786,-6.049
250,10.0,4.506,0.3782,-6.086
251,10.0,4.575,0.3779,-6.123
252,10.0,4.646,0.3776,-6.161
253,10.0,4.717,0.3773,-6.199
254,10.0,4.789,0.3769,-6.236
255,10.0,4.863,0.3766,-6.274
256,10.0,4.938,0.3763,-6.313
257,10.0,5.013,0.3759,-6.35
258,10.0,5.09,0.3756,-6.388
259,10.0,5.168,0.3753,-6.425
260,10.0,5.248,0.375,-6.462
261,10.0,5.328,0.3746,-6.498
262,10.0,5.41,0.3743,-6.535
263,10.0,5.493,0.374,-6.57
264,10.0,5.577,0.3737,-6.604
265,10.0,5.663,0.3734,-6.639
266,10.0,5.75,0.3731,-6.672
267,10.0,5.838,0.3728,-6.705
268,10.0,5.928,0.3726,-6.738
269,10.0,6.019,0.3723,-6.77
270,10.0,6.111,0.372,-6.802
271,10.0,6.205,0.3717,-6.834
272,10.0,6.3,0.3714,-6.866
273,10.0,6.397,0.3712,-6.898
274,10.0,6.495,0.3709,-6.929
275,10.0,6.595,0.3706,-6.961
276,10.0,6.696,0.3703,-6.993
277,10.0,6.799,0.3701,-7.026
278,10.0,6.903,0.3698,-7.058
279,10.0,7.009,0.3695,-7.091
280,10.0,7.117,0.3692,-7.124
281,10.0,7.226,0.3689,-7.157
282,10.0,7.337,0.3686,-7.19
283,10.0,7.45,0.3683,-7.224
284,10.0,7.564,0.368,-7.257
285,10.0,7.68,0.3677,-7.291
286,10.0,7.798,0.3675,-7.324
287,10.0,7.918,0.3672,-7.358
288,10.0,8.039,0.3669,-7.391
289,10.0,8.162,0.3666,-7.424
290,10.0,8.288,0.3663,-7.457
291,10.0,8.415,0.366,-7.489
292,10.0,8.544,0.3657,-7.521
293,10.0,8.675,0.3654,-7.553
294,10.0,8.808,0.3651,-7.584
295,10.0,8.944,0.3648,-7.614
296,10.0,9.081,0.3646,-7.644
297,10.0,9.22,0.3643,-7.673
298,10.0,9.362,0.364,-7.701
299,10.0,9.505,0.3638,-7.729
300,10.0,9.651,0.3635,-7.757
301,10.0,9.799,0.3633,-7.783
302,10.0,9.95,0.3631,-7.81
303,10.0,10.103,0.3628,-7.836
304,10.0,10.258,0.3626,-7.862
305,10.0,10.415,0.3623,-7.888
306,10.0,10.575,0.3621,-7.914
307,10.0,10.737,0.3619,-7.94
308,10.0,10.902,0.3616,-7.965
309,10.0,11.069,0.3614,-7.991
310,10.0,11.239,0.3612,-8.017
311,10.0,11.412,0.3609,-8.043
312,10.0,11.587,0.3607,-8.069
313,10.0,11.765,0.3605,-8.095
314,10.0,11.945,0.3602,-8.121
315,10.0,12.129,0.36,-8.147
316,10.0,12.315,0.3597,-8.174
317,10.0,12.504,0.3595,-8.2
318,10.0,12.696,0.3593,-8.227
319,10.0,12.891,0.359,-8.253
320,10.0,13.089,0.3588,-8.28
321,10.0,13.289,0.3585,-8.306
322,10.0,13.493,0.3583,-8.332
323,10.0,13.701,0.3581,-8.358
324,10.0,13.911,0.3578,-8.383
325,10.0,14.124,0.3576,-8.409
326,10.0,14.341,0.3574,-8.433
327,10.0,14.561,0.3572,-8.458
328,10.0,14.785,0.3569,-8.482
329,10.0,15.012,0.3567,-8.505
330,10.0,15.242,0.3565,-8.528
331,10.0,15.476,0.3563,-8.55
332,10.0,15.714,0.3561,-8.571
333,10.0,15.955,0.3559,-8.592
334,10.0,16.2,0.3557,-8.613
335,10.0,16.448,0.3556,-8.633
336,10.0,16.701,0.3554,-8.652
337,10.0,16.957,0.3552,-8.671
338,10.0,17.217,0.355,-8.69
339,10.0,17.482,0.3549,-8.709
340,10.0,17.75,0.3547,-8.727
341,10.0,18.022,0.3545,-8.745
342,10.0,18.299,0.3544,-8.763
343,10.0,18.58,0.3542,-8.78
344,10.0,18.865,0.3541,-8.798
345,10.0,19.155,0.3539,-8.816
346,10.0,19.449,0.3537,-8.833
347,10.0,19.747,0.3536,-8.851
348,10.0,20.05,0.3534,-8.868
349,10.0,20.358,0.3533,-8.886
350,10.0,20.671,0.3531,-8.904
351,10.0,20.988,0.3529,-8.921
352,10.0,21.31,0.3528,-8.939
353,10.0,21.637,0.3526,-8.956
354,10.0,21.969,0.3525,-8.974
355,10.0,22.306,0.3523,-8.991
356,10.0,22.649,0.3521,-9.009
357,10.0,22.996,0.352,-9.026
358,10.0,23.349,0.3518,-9.043
359,10.0,23.708,0.3517,-9.06
360,10.0,24.072,0.3515,-9.077
361,10.0,24.441,0.3514,-9.094
362,10.0,24.816,0.3512,-9.11
363,10.0,25.197,0.3511,-9.126
364,10.0,25.584,0.3509,-9.142
365,10.0,25.977,0.3508,-9.157
366,10.0,26.375,0.3506,-9.172
367,10.0,26.78,0.3505,-9.187
368,10.0,27.191,0.3504,-9.201
369,10.0,27.608,0.3503,-9.215
370,10.0,28.032,0.3501,-9.228
371,10.0,28.462,0.35,-9.241
372,10.0,28.899,0.3499,-9.254
373,10.0,29.343,0.3498,-9.266
374,10.0,29.793,0.3497,-9.278
375,10.0,30.251,0.3496,-9.29
376,10.0,30.715,0.3495,-9.302
377,10.0,31.186,0.3494,-9.313
378,10.0,31.665,0.3493,-9.324
379,10.0,32.151,0.3492,-9.335
380,10.0,32.645,0.3491,-9.346
381,10.0,33.146,0.349,-9.356
382,10.0,33.654,0.3489,-9.367
383,10.0,34.171,0.3488,-9.377
384,10.0,34.695,0.3487,-9.387
385,10.0,35.228,0.3486,-9.398
386,10.0,35.769,0.3485,-9.408
387,10.0,36.318,0.3484,-9.418
388,10.0,36.875,0.3483,-9.428
389,10.0,37.441,0.3482,-9.438
390,10.0,38.016,0.3481,-9.448
391,10.0,38.599,0.3481,-9.458
392,10.0,39.192,0.348,-9.468
393,10.0,39.793,0.3479,-9.478
394,10.0,40.404,0.3478,-9.488
395,10.0,41.024,0.3477,-9.497
396,10.0,41.654,0.3476,-9.507
397,10.0,42.293,0.3475,-9.516
398,10.0,42.942,0.3474,-9.526
399,10.0,43.601,0.3474,-9.535
400,10.0,44.271,0.3473,-9.544
401,10.0,44.95,0.3472,-9.553
402,10.0,45.64,0.3471,-9.562
403,10.0,46.341,0.347,-9.571
404,10.0,47.052,0.347,-9.58
405,10.0,47.774,0.3469,-9.588
406,10.0,48.507,0.3468,-9.596
407,10.0,49.252,0.3467,-9.604
408,10.0,50.008,0.3467,-9.612
409,10.0,50.775,0.3466,-9.619
410,10.0,51.555,0.3465,-9.626
411,10.0,52.346,0.3465,-9.633
412,10.0,53.15,0.3464,-9.64
413,10.0,53.965,0.3464,-9.646
414,10.0,54.794,0.3463,-9.653
415,10.0,55.635,0.3462,-9.659
416,10.0,56.489,0.3462,-9.666
417,10.0,57.356,0.3461,-9.672
418,10.0,58.236,0.3461,-9.677
419,10.0,59.13,0.346,-9.683
420,10.0,60.037,0.346,-9.689
421,10.0,60.959,0.3459,-9.694
422,10.0,61.895,0.3459,-9.7
423,10.0,62.845,0.3458,-9.705
424,10.0,63.809,0.3458,-9.71
425,10.0,64.789,0.3457,-9.715
426,10.0,65.783,0.3457,-9.721
427,10.0,66.793,0.3457,-9.726
428,10.0,67.818,0.3456,-9.731
429,10.0,68.859,0.3456,-9.736
430,10.0,69.916,0.3455,-9.741
431,10.0,70.989,0.3455,-9.746
432,10.0,72.078,0.3454,-9.751
433,10.0,73.185,0.3454,-9.755
434,10.0,74.308,0.3453,-9.76
435,10.0,75.449,0.3453,-9.765
436,10.0,76.607,0.3453,-9.77
437,10.0,77.783,0.3452,-9.775
438,10.0,78.976,0.3452,-9.779
439,10.0,80.189,0.3451,-9.784
440,10.0,81.419,0.3451,-9.788
441,10.0,82.669,0.345,-9.793
442,10.0,83.938,0.345,-9.797
443,10.0,85.226,0.345,-9.801
444,10.0,86.534,0.3449,-9.805
445,10.0,87.863,0.3449,-9.809
446,10.0,89.211,0.3449,-9.813
447,10.0,90.581,0.3448,-9.817
448,10.0,91.971,0.3448,-9.82
449,10.0,93.382,0.3448,-9.824
450,10.0,94.816,0.3447,-9.827
451,10.0,96.271,0.3447,-9.83
452,10.0,97.749,0.3447,-9.833
453,10.0,99.249,0.3447,-9.836
454,10.0,100.772,0.3446,-9.839
455,10.0,102.319,0.3446,-9.842
456,10.0,103.89,0.3446,-9.845
457,10.0,105.484,0.3446,-9.848
458,10.0,107.103,0.3445,-9.851
459,10.0,108.747,0.3445,-9.853
460,10.0,110.416,0.3445,-9.856
461,10.0,112.111,0.3445,-9.859
462,10.0,113.832,0.3444,-9.861
463,10.0,115.579,0.3444,-9.864
464,10.0,117.353,0.3444,-9.866
465,10.0,119.154,0.3444,-9.868
466,10.0,120.983,0.3444,-9.87
467,10.0,122.84,0.3443,-9.873
468,10.0,124.726,0.3443,-9.875
469,10.0,126.64,0.3443,-9.877
470,10.0,128.584,0.3443,-9.879
471,10.0,130.558,0.3443,-9.881
472,10.0,132.561,0.3442,-9.883
473,10.0,134.596,0.3442,-9.886
474,10.0,136.662,0.3442,-9.888
475,10.0,138.76,0.3442,-9.89
476,10.0,140.889,0.3442,-9.892
477,10.0,143.052,0.3441,-9.894
478,10.0,145.248,0.3441,-9.896
479,10.0,147.477,0.3441,-9.898
480,10.0,149.741,0.3441,-9.899
481,10.0,152.039,0.3441,-9.901
482,10.0,154.373,0.3441,-9.903
483,10.0,156.742,0.344,-9.905
484,10.0,159.148,0.344,-9.906
485,10.0,161.591,0.344,-9.908
486,10.0,164.071,0.344,-9.909
487,10.0,166.589,0.344,-9.911
488,10.0,169.146,0.344,-9.913
489,10.0,171.742,0.344,-9.914
490,10.0,174.378,0.3439,-9.916
491,10.0,177.055,0.3439,-9.917
492,10.0,179.772,0.3439,-9.919
493,10.0,182.532,0.3439,-9.92
494,10.0,185.333,0.3439,-9.922
495,10.0,188.178,0.3439,-9.923
496,10.0,191.066,0.3439,-9.924
497,10.0,193.999,0.3439,-9.926
498,10.0,196.977,0.3438,-9.927
499,10.0,200.0,0.3438,-9.928
500,25.0,0.1,0.4096,-0.579
501,25.0,0.102,0.4096,-0.589
502,25.0,0.103,0.4095,-0.595
503,25.0,0.105,0.4095,-0.605
504,25.0,0.106,0.4095,-0.61
505,25.0,0.108,0.4095,-0.621
506,25.0,0.11,0.4095,-0.632
507,25.0,0.111,0.4095,-0.637
508,25.0,0.113,0.4095,-0.648
509,25.0,0.115,0.4094,-0.658
510,25.0,0.116,0.4094,-0.664
511,25.0,0.118,0.4094,-0.674
512,25.0,0.12,0.4094,-0.684
513,25.0,0.122,0.4094,-0.695
514,25.0,0.124,0.4094,-0.705
515,25.0,0.126,0.4094,-0.714
516,25.0,0.128,0.4093,-0.724
517,25.0,0.13,0.4093,-0.733
518,25.0,0.132,0.4093,-0.743
519,25.0,0.134,0.4093,-0.753
520,25.0,0.136,0.4093,-0.763
521,25.0,0.138,0.4092,-0.773
522,25.0,0.14,0.4092,-0.783
523,25.0,0.142,0.4092,-0.793
524,25.0,0.144,0.4092,-0.803
525,25.0,0.146,0.4092,-0.814
526,25.0,0.149,0.4091,-0.829
527,25.0,0.151,0.4091,-0.839
528,25.0,0.153,0.4091,-0.849
529,25.0,0.156,0.4091,-0.864
530,25.0,0.158,0.4091,-0.873
531,25.0,0.16,0.409,-0.883
532,25.0,0.163,0.409,-0.897
533,25.0,0.165,0.409,-0.906
534,25.0,0.168,0.409,-0.919
535,25.0,0.17,0.4089,-0.928
536,25.0,0.173,0.4089,-0.942
537,25.0,0.176,0.4089,-0.956
538,25.0,0.178,0.4089,-0.966
539,25.0,0.181,0.4088,-0.98
540,25.0,0.184,0.4088,-0.994
541,25.0,0.187,0.4088,-1.009
542,25.0,0.19,0.4087,-1.023
543,25.0,0.193,0.4087,-1.037
544,25.0,0.195,0.4087,-1.047
545,25.0,0.198,0.4086,-1.061
546,25.0,0.202,0.4086,-1.08
547,25.0,0.205,0.4086,-1.093
548,25.0,0.208,0.4085,-1.107
549,25.0,0.211,0.4085,-1.12
550,25.0,0.214,0.4085,-1.133
551,25.0,0.217,0.4084,-1.146
552,25.0,0.221,0.4084,-1.163
553,25.0,0.224,0.4084,-1.175
554,25.0,0.228,0.4083,-1.193
555,25.0,0.231,0.4083,-1.206
556,25.0,0.235,0.4082,-1.223
557,25.0,0.238,0.4082,-1.237
558,25.0,0.242,0.4081,-1.255
559,25.0,0.246,0.4081,-1.272
560,25.0,0.249,0.408,-1.286
561,25.0,0.253,0.408,-1.304
562,25.0,0.257,0.4079,-1.321
563,25.0,0.261,0.4079,-1.339
564,25.0,0.265,0.4078,-1.356
565,25.0,0.269,0.4078,-1.373
566,25.0,0.273,0.4077,-1.39
567,25.0,0.277,0.4077,-1.407
568,25.0,0.282,0.4076,-1.427
569,25.0,0.286,0.4076,-1.442
570,25.0,0.29,0.4075,-1.458
571,25.0,0.295,0.4075,-1.477
572,25.0,0.299,0.4074,-1.493
573,25.0,0.304,0.4074,-1.513
574,25.0,0.309,0.4073,-1.533
575,25.0,0.313,0.4072,-1.549
576,25.0,0.318,0.4072,-1.57
577,25.0,0.323,0.4071,-1.59
578,25.0,0.328,0.407,-1.611
579,25.0,0.333,0.4069,-1.631
580,25.0,0.338,0.4069,-1.652
581,25.0,0.343,0.4068,-1.672
582,25.0,0.349,0.4067,-1.696
583,25.0,0.354,0.4067,-1.716
584,25.0,0.359,0.4066,-1.735
585,25.0,0.365,0.4065,-1.758
586,25.0,0.371,0.4064,-1.78
587,25.0,0.376,0.4064,-1.799
588,25.0,0.382,0.4063,-1.82
589,25.0,0.388,0.4062,-1.841
590,25.0,0.394,0.4061,-1.861
591,25.0,0.4,0.406,-1.883
592,25.0,0.406,0.4059,-1.904
593,25.0,0.412,0.4059,-1.926
594,25.0,0.419,0.4057,-1.952
595,25.0,0.425,0.4057,-1.974
596,25.0,0.432,0.4055,-2.0
597,25.0,0.438,0.4054,-2.023
598,25.0,0.445,0.4053,-2.049
599,25.0,0.452,0.4052,-2.074
600,25.0,0.459,0.4051,-2.1
601,25.0,0.466,0.405,-2.125
602,25.0,0.473,0.4049,-2.15
603,25.0,0.48,0.4048,-2.175
604,25.0,0.488,0.4047,-2.203
605,25.0,0.495,0.4046,-2.226
606,25.0,0.503,0.4045,-2.253
607,25.0,0.51,0.4044,-2.275
608,25.0,0.518,0.4043,-2.3
609,25.0,0.526,0.4042,-2.324
610,25.0,0.534,0.404,-2.349
611,25.0,0.542,0.4039,-2.374
612,25.0,0.551,0.4038,-2.403
613,25.0,0.559,0.4036,-2.429
614,25.0,0.568,0.4035,-2.458
615,25.0,0.576,0.4034,-2.484
616,25.0,0.585,0.4032,-2.514
617,25.0,0.594,0.4031,-2.544
618,25.0,0.603,0.4029,-2.573
619,25.0,0.613,0.4027,-2.606
620,25.0,0.622,0.4026,-2.635
621,25.0,0.632,0.4024,-2.667
622,25.0,0.641,0.4023,-2.696
623,25.0,0.651,0.4021,-2.727
624,25.0,0.661,0.402,-2.758
625,25.0,0.671,0.4018,-2.788
626,25.0,0.682,0.4017,-2.82
627,25.0,0.692,0.4015,-2.848
628,25.0,0.703,0.4014,-2.879
629,25.0,0.713,0.4012,-2.905
630,25.0,0.724,0.4011,-2.934
631,25.0,0.736,0.4009,-2.966
632,25.0,0.747,0.4007,-2.996
633,25.0,0.758,0.4005,-3.026
634,25.0,0.77,0.4003,-3.06
635,25.0,0.782,0.4001,-3.094
636,25.0,0.794,0.3999,-3.128
637,25.0,0.806,0.3997,-3.162
638,25.0,0.818,0.3995,-3.196
639,25.0,0.831,0.3993,-3.233
640,25.0,0.844,0.3991,-3.27
641,25.0,0.857,0.3988,-3.306
642,25.0,0.87,0.3986,-3.342
643,25.0,0.883,0.3984,-3.378
644,25.0,0.897,0.3982,-3.416
645,25.0,0.91,0.398,-3.451
646,25.0,0.924,0.3978,-3.487
647,25.0,0.939,0.3975,-3.525
648,25.0,0.953,0.3973,-3.56
649,25.0,0.968,0.3971,-3.596
650,25.0,0.982,0.3969,-3.628
651,25.0,0.997,0.3967,-3.662
652,25.0,1.013,0.3965,-3.697
653,25.0,1.028,0.3962,-3.73
654,25.0,1.044,0.396,-3.766
655,25.0,1.06,0.3957,-3.803
656,25.0,1.076,0.3955,-3.84
657,25.0,1.093,0.3952,-3.88
658,25.0,1.11,0.3949,-3.92
659,25.0,1.127,0.3946,-3.961
660,25.0,1.144,0.3944,-4.001
661,25.0,1.162,0.3941,-4.044
662,25.0,1.179,0.3938,-4.085
663,25.0,1.198,0.3935,-4.13
664,25.0,1.216,0.3932,-4.172
665,25.0,1.235,0.3929,-4.217
666,25.0,1.254,0.3925,-4.26
667,25.0,1.273,0.3922,-4.303
668,25.0,1.292,0.3919,-4.345
669,25.0,1.312,0.3916,-4.389
670,25.0,1.332,0.3913,-4.431
671,25.0,1.353,0.391,-4.475
672,25.0,1.374,0.3908,-4.516
673,25.0,1.395,0.3905,-4.557
674,25.0,1.416,0.3902,-4.596
675,25.0,1.438,0.3899,-4.635
676,25.0,1.46,0.3896,-4.673
677,25.0,1.482,0.3893,-4.713
678,25.0,1.505,0.389,-4.754
679,25.0,1.528,0.3886,-4.797
680,25.0,1.552,0.3883,-4.842
681,25.0,1.575,0.3879,-4.886
682,25.0,1.599,0.3876,-4.931
683,25.0,1.624,0.3872,-4.98
684,25.0,1.649,0.3868,-5.028
685,25.0,1.674,0.3864,-5.076
686,25.0,1.7,0.386,-5.127
687,25.0,1.726,0.3856,-5.177
688,25.0,1.753,0.3852,-5.229
689,25.0,1.779,0.3848,-5.278
690,25.0,1.807,0.3844,-5.331
691,25.0,1.835,0.384,-5.383
692,25.0,1.863,0.3836,-5.434
693,25.0,1.891,0.3832,-5.484
694,25.0,1.92,0.3828,-5.534
695,25.0,1.95,0.3824,-5.585
696,25.0,1.98,0.382,-5.634
697,25.0,2.01,0.3816,-5.681
698,25.0,2.041,0.3812,-5.729
699,25.0,2.072,0.3809,-5.774
700,25.0,2.104,0.3805,-5.819
701,25.0,2.136,0.3802,-5.862
702,25.0,2.169,0.3798,-5.907
703,25.0,2.202,0.3794,-5.952
704,25.0,2.236,0.379,-6.0
705,25.0,2.271,0.3785,-6.05
706,25.0,2.305,0.3781,-6.099
707,25.0,2.341,0.3777,-6.152
708,25.0,2.377,0.3772,-6.205
709,25.0,2.413,0.3767,-6.259
710,25.0,2.45,0.3762,-6.314
711,25.0,2.488,0.3757,-6.371
712,25.0,2.526,0.3753,-6.429
713,25.0,2.565,0.3747,-6.487
714,25.0,2.604,0.3742,-6.546
715,25.0,2.644,0.3737,-6.605
716,25.0,2.685,0.3732,-6.666
717,25.0,2.726,0.3727,-6.726
718,25.0,2.768,0.3721,-6.786
719,25.0,2.81,0.3716,-6.845
720,25.0,2.853,0.3711,-6.905
721,25.0,2.897,0.3706,-6.964
722,25.0,2.942,0.3701,-7.023
723,25.0,2.987,0.3696,-7.079
724,25.0,3.033,0.3691,-7.136
725,25.0,3.079,0.3686,-7.19
726,25.0,3.126,0.3682,-7.242
727,25.0,3.174,0.3677,-7.294
728,25.0,3.223,0.3673,-7.344
729,25.0,3.273,0.3668,-7.394
730,25.0,3.323,0.3664,-7.442
731,25.0,3.374,0.3659,-7.493
732,25.0,3.426,0.3655,-7.546
733,25.0,3.478,0.365,-7.6
734,25.0,3.532,0.3645,-7.657
735,25.0,3.586,0.3639,-7.715
736,25.0,3.641,0.3634,-7.774
737,25.0,3.697,0.3628,-7.835
738,25.0,3.754,0.3623,-7.898
739,25.0,3.811,0.3617,-7.961
740,25.0,3.87,0.3611,-8.027
741,25.0,3.929,0.3605,-8.092
742,25.0,3.989,0.3599,-8.159
743,25.0,4.051,0.3592,-8.228
744,25.0,4.113,0.3586,-8.297
745,25.0,4.176,0.358,-8.366
746,25.0,4.24,0.3574,-8.435
747,25.0,4.305,0.3567,-8.505
748,25.0,4.371,0.3561,-8.574
749,25.0,4.438,0.3555,-8.643
750,25.0,4.506,0.3548,-8.712
751,25.0,4.575,0.3542,-8.78
752,25.0,4.646,0.3536,-8.848
753,25.0,4.717,0.353,-8.913
754,25.0,4.789,0.3524,-8.977
755,25.0,4.863,0.3519,-9.04
756,25.0,4.938,0.3513,-9.101
757,25.0,5.013,0.3508,-9.159
758,25.0,5.09,0.3502,-9.216
759,25.0,5.168,0.3497,-9.271
760,25.0,5.248,0.3493,-9.325
761,25.0,5.328,0.3488,-9.379
762,25.0,5.41,0.3483,-9.434
763,25.0,5.493,0.3478,-9.492
764,25.0,5.577,0.3472,-9.552
765,25.0,5.663,0.3467,-9.614
766,25.0,5.75,0.3461,-9.677
767,25.0,5.838,0.3455,-9.743
768,25.0,5.928,0.3449,-9.81
769,25.0,6.019,0.3443,-9.879
770,25.0,6.111,0.3436,-9.949
771,25.0,6.205,0.343,-10.022
772,25.0,6.3,0.3423,-10.095
773,25.0,6.397,0.3417,-10.17
774,25.0,6.495,0.341,-10.246
775,25.0,6.595,0.3403,-10.324
776,25.0,6.696,0.3396,-10.401
777,25.0,6.799,0.3389,-10.48
778,25.0,6.903,0.3382,-10.559
779,25.0,7.009,0.3374,-10.639
780,25.0,7.117,0.3367,-10.719
781,25.0,7.226,0.336,-10.798
782,25.0,7.337,0.3353,-10.877
783,25.0,7.45,0.3346,-10.956
784,25.0,7.564,0.3339,-11.034
785,25.0,7.68,0.3332,-11.11
786,25.0,7.798,0.3325,-11.185
787,25.0,7.918,0.3319,-11.259
788,25.0,8.039,0.3312,-11.33
789,25.0,8.162,0.3306,-11.399
790,25.0,8.288,0.33,-11.467
791,25.0,8.415,0.3294,-11.532
792,25.0,8.544,0.3288,-11.595
793,25.0,8.675,0.3283,-11.656
794,25.0,8.808,0.3278,-11.715
795,25.0,8.944,0.3272,-11.773
796,25.0,9.081,0.3268,-11.832
797,25.0,9.22,0.3263,-11.892
798,25.0,9.362,0.3257,-11.955
799,25.0,9.505,0.3252,-12.019
800,25.0,9.651,0.3246,-12.086
801,25.0,9.799,0.3241,-12.155
802,25.0,9.95,0.3235,-12.226
803,25.0,10.103,0.3229,-12.299
804,25.0,10.258,0.3223,-12.374
805,25.0,10.415,0.3216,-12.45
806,25.0,10.575,0.321,-12.528
807,25.0,10.737,0.3203,-12.608
808,25.0,10.902,0.3196,-12.69
809,25.0,11.069,0.3189,-12.772
810,25.0,11.239,0.3183,-12.856
811,25.0,11.412,0.3175,-12.942
812,25.0,11.587,0.3168,-13.028
813,25.0,11.765,0.3161,-13.115
814,25.0,11.945,0.3154,-13.202
815,25.0,12.129,0.3146,-13.29
816,25.0,12.315,0.3139,-13.379
817,25.0,12.504,0.3132,-13.467
818,25.0,12.696,0.3124,-13.555
819,25.0,12.891,0.3117,-13.642
820,25.0,13.089,0.311,-13.728
821,25.0,13.289,0.3103,-13.814
822,25.0,13.493,0.3096,-13.898
823,25.0,13.701,0.3089,-13.98
824,25.0,13.911,0.3082,-14.061
825,25.0,14.124,0.3076,-14.139
826,25.0,14.341,0.307,-14.216
827,25.0,14.561,0.3063,-14.29
828,25.0,14.785,0.3057,-14.363
829,25.0,15.012,0.3052,-14.433
830,25.0,15.242,0.3046,-14.501
831,25.0,15.476,0.304,-14.568
832,25.0,15.714,0.3035,-14.634
833,25.0,15.955,0.303,-14.698
834,25.0,16.2,0.3024,-14.761
835,25.0,16.448,0.3019,-14.823
836,25.0,16.701,0.3014,-14.885
837,25.0,16.957,0.301,-14.95
838,25.0,17.217,0.3005,-15.015
839,25.0,17.482,0.3,-15.083
840,25.0,17.75,0.2995,-15.153
841,25.0,18.022,0.299,-15.225
842,25.0,18.299,0.2985,-15.298
843,25.0,18.58,0.2979,-15.374
844,25.0,18.865,0.2974,-15.451
845,25.0,19.155,0.2968,-15.531
846,25.0,19.449,0.2962,-15.611
847,25.0,19.747,0.2957,-15.693
848,25.0,20.05,0.2951,-15.777
849,25.0,20.358,0.2945,-15.862
850,25.0,20.671,0.2938,-15.948
851,25.0,20.988,0.2932,-16.035
852,25.0,21.31,0.2926,-16.123
853,25.0,21.637,0.2919,-16.212
854,25.0,21.969,0.2913,-16.302
855,25.0,22.306,0.2907,-16.391
856,25.0,22.649,0.29,-16.481
857,25.0,22.996,0.2894,-16.571
858,25.0,23.349,0.2887,-16.66
859,25.0,23.708,0.2881,-16.749
860,25.0,24.072,0.2875,-16.836
861,25.0,24.441,0.2869,-16.922
862,25.0,24.816,0.2863,-17.008
863,25.0,25.197,0.2857,-17.091
864,25.0,25.584,0.2851,-17.172
865,25.0,25.977,0.2845,-17.253
866,25.0,26.375,0.2839,-17.333
867,25.0,26.78,0.2834,-17.411
868,25.0,27.191,0.2828,-17.486
869,25.0,27.608,0.2823,-17.559
870,25.0,28.032,0.2818,-17.631
871,25.0,28.462,0.2813,-17.702
872,25.0,28.899,0.2808,-17.773
873,25.0,29.343,0.2803,-17.843
874,25.0,29.793,0.2798,-17.911
875,25.0,30.251,0.2793,-17.978
876,25.0,30.715,0.2788,-18.045
877,25.0,31.186,0.2784,-18.11
878,25.0,31.665,0.2779,-18.176
879,25.0,32.151,0.2774,-18.241
880,25.0,32.645,0.277,-18.307
881,25.0,33.146,0.2765,-18.372
882,25.0,33.654,0.276,-18.437
883,25.0,34.171,0.2756,-18.503
884,25.0,34.695,0.2751,-18.569
885,25.0,35.228,0.2746,-18.636
886,25.0,35.769,0.2741,-18.703
887,25.0,36.318,0.2737,-18.769
888,25.0,36.875,0.2733,-18.837
889,25.0,37.441,0.2729,-18.905
890,25.0,38.016,0.2725,-18.974
891,25.0,38.599,0.2721,-19.044
892,25.0,39.192,0.2717,-19.115
893,25.0,39.793,0.2713,-19.187
894,25.0,40.404,0.2709,-19.26
895,25.0,41.024,0.2704,-19.334
896,25.0,41.654,0.27,-19.408
897,25.0,42.293,0.2696,-19.482
898,25.0,42.942,0.2692,-19.555
899,25.0,43.601,0.2688,-19.628
900,25.0,44.271,0.2683,-19.701
901,25.0,44.95,0.2679,-19.774
902,25.0,45.64,0.2675,-19.847
903,25.0,46.341,0.2671,-19.92
904,25.0,47.052,0.2667,-19.992
905,25.0,47.774,0.2663,-20.061
906,25.0,48.507,0.2659,-20.129
907,25.0,49.252,0.2655,-20.195
908,25.0,50.008,0.2651,-20.26
909,25.0,50.775,0.2647,-20.324
910,25.0,51.555,0.2644,-20.387
911,25.0,52.346,0.264,-20.449
912,25.0,53.15,0.2637,-20.51
913,25.0,53.965,0.2633,-20.572
914,25.0,54.794,0.263,-20.633
915,25.0,55.635,0.2626,-20.692
916,25.0,56.489,0.2623,-20.749
917,25.0,57.356,0.262,-20.806
918,25.0,58.236,0.2616,-20.862
919,25.0,59.13,0.2613,-20.917
920,25.0,60.037,0.261,-20.971
921,25.0,60.959,0.2607,-21.026
922,25.0,61.895,0.2604,-21.08
923,25.0,62.845,0.2601,-21.135
924,25.0,63.809,0.2598,-21.19
925,25.0,64.789,0.2594,-21.245
926,25.0,65.783,0.2591,-21.299
927,25.0,66.793,0.2588,-21.354
928,25.0,67.818,0.2585,-21.408
929,25.0,68.859,0.2582,-21.463
930,25.0,69.916,0.2579,-21.517
931,25.0,70.989,0.2576,-21.572
932,25.0,72.078,0.2572,-21.626
933,25.0,73.185,0.2569,-21.681
934,25.0,74.308,0.2566,-21.735
935,25.0,75.449,0.2563,-21.79
936,25.0,76.607,0.256,-21.844
937,25.0,77.783,0.2557,-21.899
938,25.0,78.976,0.2554,-21.953
939,25.0,80.189,0.255,-22.007
940,25.0,81.419,0.2547,-22.059
941,25.0,82.669,0.2545,-22.11
942,25.0,83.938,0.2542,-22.16
943,25.0,85.226,0.2539,-22.209
944,25.0,86.534,0.2536,-22.257
945,25.0,87.863,0.2533,-22.304
946,25.0,89.211,0.2531,-22.349
947,25.0,90.581,0.2528,-22.394
948,25.0,91.971,0.2526,-22.438
949,25.0,93.382,0.2523,-22.48
950,25.0,94.816,0.2521,-22.521
951,25.0,96.271,0.2519,-22.561
952,25.0,97.749,0.2516,-22.6
953,25.0,99.249,0.2514,-22.64
954,25.0,100.772,0.2512,-22.679
955,25.0,102.319,0.251,-22.717
956,25.0,103.89,0.2507,-22.755
957,25.0,105.484,0.2505,-22.792
958,25.0,107.103,0.2503,-22.829
959,25.0,108.747,0.2501,-22.864
960,25.0,110.416,0.2499,-22.899
961,25.0,112.111,0.2497,-22.933
962,25.0,113.832,0.2495,-22.966
963,25.0,115.579,0.2493,-22.998
964,25.0,117.353,0.2492,-23.03
965,25.0,119.154,0.249,-23.061
966,25.0,120.983,0.2488,-23.092
967,25.0,122.84,0.2486,-23.123
968,25.0,124.726,0.2484,-23.153
969,25.0,126.64,0.2483,-23.183
970,25.0,128.584,0.2481,-23.214
971,25.0,130.558,0.2479,-23.244
972,25.0,132.561,0.2478,-23.273
973,25.0,134.596,0.2476,-23.303
974,25.0,136.662,0.2474,-23.333
975,25.0,138.76,0.2472,-23.362
976,25.0,140.889,0.2471,-23.391
977,25.0,143.052,0.2469,-23.419
978,25.0,145.248,0.2467,-23.448
979,25.0,147.477,0.2466,-23.474
980,25.0,149.741,0.2464,-23.499
981,25.0,152.039,0.2463,-23.525
982,25.0,154.373,0.2462,-23.55
983,25.0,156.742,0.246,-23.575
984,25.0,159.148,0.2459,-23.599
985,25.0,161.591,0.2457,-23.623
986,25.0,164.071,0.2456,-23.647
987,25.0,166.589,0.2455,-23.671
988,25.0,169.146,0.2454,-23.694
989,25.0,171.742,0.2453,-23.718
990,25.0,174.378,0.2452,-23.741
991,25.0,177.055,0.2451,-23.764
992,25.0,179.772,0.245,-23.786
993,25.0,182.532,0.2449,-23.809
994,25.0,185.333,0.2448,-23.831
995,25.0,188.178,0.2447,-23.851
996,25.0,191.066,0.2446,-23.873
997,25.0,193.999,0.2445,-23.894
998,25.0,196.977,0.2444,-23.912
999,25.0,200.0,0.2444,-23.93
1000,40.0,0.1,0.4093,-0.74
1001,40.0,0.102,0.4093,-0.752
1002,40.0,0.103,0.4093,-0.759
1003,40.0,0.105,0.4093,-0.772
1004,40.0,0.106,0.4092,-0.779
1005,40.0,0.108,0.4092,-0.792
1006,40.0,0.11,0.4092,-0.805
1007,40.0,0.111,0.4092,-0.811
1008,40.0,0.113,0.4092,-0.825
1009,40.0,0.115,0.4091,-0.838
1010,40.0,0.116,0.4091,-0.844
1011,40.0,0.118,0.4091,-0.857
1012,40.0,0.12,0.4091,-0.87
1013,40.0,0.122,0.409,-0.882
1014,40.0,0.124,0.409,-0.894
1015,40.0,0.126,0.409,-0.906
1016,40.0,0.128,0.409,-0.918
1017,40.0,0.13,0.4089,-0.93
1018,40.0,0.132,0.4089,-0.942
1019,40.0,0.134,0.4089,-0.954
1020,40.0,0.136,0.4089,-0.966
1021,40.0,0.138,0.4088,-0.978
1022,40.0,0.14,0.4088,-0.991
1023,40.0,0.142,0.4088,-1.003
1024,40.0,0.144,0.4087,-1.015
1025,40.0,0.146,0.4087,-1.028
1026,40.0,0.149,0.4087,-1.046
1027,40.0,0.151,0.4086,-1.058
1028,40.0,0.153,0.4086,-1.07
1029,40.0,0.156,0.4086,-1.088
1030,40.0,0.158,0.4085,-1.1
1031,40.0,0.16,0.4085,-1.112
1032,40.0,0.163,0.4085,-1.129
1033,40.0,0.165,0.4085,-1.14
1034,40.0,0.168,0.4084,-1.156
1035,40.0,0.17,0.4084,-1.167
1036,40.0,0.173,0.4083,-1.184
1037,40.0,0.176,0.4083,-1.201
1038,40.0,0.178,0.4083,-1.212
1039,40.0,0.181,0.4082,-1.229
1040,40.0,0.184,0.4082,-1.246
1041,40.0,0.187,0.4081,-1.264
1042,40.0,0.19,0.4081,-1.281
1043,40.0,0.193,0.408,-1.298
1044,40.0,0.195,0.408,-1.309
1045,40.0,0.198,0.4079,-1.326
1046,40.0,0.202,0.4079,-1.349
1047,40.0,0.205,0.4078,-1.366
1048,40.0,0.208,0.4078,-1.382
1049,40.0,0.211,0.4077,-1.398
1050,40.0,0.214,0.4077,-1.414
1051,40.0,0.217,0.4076,-1.429
1052,40.0,0.221,0.4076,-1.45
1053,40.0,0.224,0.4075,-1.465
1054,40.0,0.228,0.4075,-1.485
1055,40.0,0.231,0.4074,-1.5
1056,40.0,0.235,0.4073,-1.521
1057,40.0,0.238,0.4073,-1.536
1058,40.0,0.242,0.4072,-1.557
1059,40.0,0.246,0.4071,-1.578
1060,40.0,0.249,0.4071,-1.594
1061,40.0,0.253,0.407,-1.615
1062,40.0,0.257,0.4069,-1.636
1063,40.0,0.261,0.4069,-1.657
1064,40.0,0.265,0.4068,-1.677
1065,40.0,0.269,0.4067,-1.698
1066,40.0,0.273,0.4066,-1.718
1067,40.0,0.277,0.4066,-1.738
1068,40.0,0.282,0.4065,-1.763
1069,40.0,0.286,0.4064,-1.782
1070,40.0,0.29,0.4064,-1.801
1071,40.0,0.295,0.4063,-1.823
1072,40.0,0.299,0.4062,-1.841
1073,40.0,0.304,0.4061,-1.864
1074,40.0,0.309,0.406,-1.887
1075,40.0,0.313,0.4059,-1.905
1076,40.0,0.318,0.4058,-1.929
1077,40.0,0.323,0.4057,-1.952
1078,40.0,0.328,0.4056,-1.976
1079,40.0,0.333,0.4055,-1.999
1080,40.0,0.338,0.4054,-2.023
1081,40.0,0.343,0.4053,-2.047
1082,40.0,0.349,0.4052,-2.075
1083,40.0,0.354,0.4051,-2.098
1084,40.0,0.359,0.405,-2.121
1085,40.0,0.365,0.4049,-2.149
1086,40.0,0.371,0.4048,-2.176
1087,40.0,0.376,0.4047,-2.198
1088,40.0,0.382,0.4046,-2.224
1089,40.0,0.388,0.4045,-2.249
1090,40.0,0.394,0.4044,-2.274
1091,40.0,0.4,0.4043,-2.299
1092,40.0,0.406,0.4042,-2.322
1093,40.0,0.412,0.4041,-2.346
1094,40.0,0.419,0.4039,-2.374
1095,40.0,0.425,0.4038,-2.399
1096,40.0,0.432,0.4036,-2.427
1097,40.0,0.438,0.4035,-2.452
1098,40.0,0.445,0.4034,-2.481
1099,40.0,0.452,0.4032,-2.511
1100,40.0,0.459,0.4031,-2.54
1101,40.0,0.466,0.4029,-2.569
1102,40.0,0.473,0.4028,-2.598
1103,40.0,0.48,0.4026,-2.627
1104,40.0,0.488,0.4025,-2.659
1105,40.0,0.495,0.4023,-2.688
1106,40.0,0.503,0.4022,-2.72
1107,40.0,0.51,0.402,-2.747
1108,40.0,0.518,0.4019,-2.778
1109,40.0,0.526,0.4017,-2.808
1110,40.0,0.534,0.4016,-2.838
1111,40.0,0.542,0.4014,-2.867
1112,40.0,0.551,0.4013,-2.898
1113,40.0,0.559,0.4011,-2.925
1114,40.0,0.568,0.4009,-2.956
1115,40.0,0.576,0.4008,-2.983
1116,40.0,0.585,0.4006,-3.015
1117,40.0,0.594,0.4004,-3.046
1118,40.0,0.603,0.4002,-3.078
1119,40.0,0.613,0.4,-3.114
1120,40.0,0.622,0.3998,-3.146
1121,40.0,0.632,0.3996,-3.182
1122,40.0,0.641,0.3994,-3.214
1123,40.0,0.651,0.3992,-3.25
1124,40.0,0.661,0.399,-3.286
1125,40.0,0.671,0.3988,-3.321
1126,40.0,0.682,0.3985,-3.36
1127,40.0,0.692,0.3983,-3.394
1128,40.0,0.703,0.3981,-3.432
1129,40.0,0.713,0.3979,-3.465
1130,40.0,0.724,0.3977,-3.501
1131,40.0,0.736,0.3974,-3.54
1132,40.0,0.747,0.3972,-3.574
1133,40.0,0.758,0.397,-3.608
1134,40.0,0.77,0.3968,-3.643
1135,40.0,0.782,0.3966,-3.678
1136,40.0,0.794,0.3964,-3.711
1137,40.0,0.806,0.3961,-3.746
1138,40.0,0.818,0.3959,-3.78
1139,40.0,0.831,0.3956,-3.818
1140,40.0,0.844,0.3954,-3.857
1141,40.0,0.857,0.3951,-3.895
1142,40.0,0.87,0.3948,-3.934
1143,40.0,0.883,0.3946,-3.973
1144,40.0,0.897,0.3943,-4.015
1145,40.0,0.91,0.394,-4.054
1146,40.0,0.924,0.3937,-4.096
1147,40.0,0.939,0.3934,-4.141
1148,40.0,0.953,0.3931,-4.182
1149,40.0,0.968,0.3928,-4.226
1150,40.0,0.982,0.3925,-4.266
1151,40.0,0.997,0.3922,-4.309
1152,40.0,1.013,0.3919,-4.354
1153,40.0,1.028,0.3916,-4.395
1154,40.0,1.044,0.3913,-4.438
1155,40.0,1.06,0.391,-4.48
1156,40.0,1.076,0.3907,-4.521
1157,40.0,1.093,0.3904,-4.563
1158,40.0,1.11,0.3901,-4.603
1159,40.0,1.127,0.3899,-4.642
1160,40.0,1.144,0.3896,-4.68
1161,40.0,1.162,0.3892,-4.722
1162,40.0,1.179,0.3889,-4.761
1163,40.0,1.198,0.3886,-4.806
1164,40.0,1.216,0.3882,-4.849
1165,40.0,1.235,0.3879,-4.894
1166,40.0,1.254,0.3875,-4.94
1167,40.0,1.273,0.3871,-4.986
1168,40.0,1.292,0.3868,-5.032
1169,40.0,1.312,0.3864,-5.081
1170,40.0,1.332,0.386,-5.129
1171,40.0,1.353,0.3856,-5.18
1172,40.0,1.374,0.3852,-5.23
1173,40.0,1.395,0.3848,-5.28
1174,40.0,1.416,0.3844,-5.33
1175,40.0,1.438,0.384,-5.381
1176,40.0,1.46,0.3836,-5.432
1177,40.0,1.482,0.3832,-5.481
1178,40.0,1.505,0.3828,-5.532
1179,40.0,1.528,0.3824,-5.582
1180,40.0,1.552,0.382,-5.632
1181,40.0,1.575,0.3816,-5.679
1182,40.0,1.599,0.3813,-5.726
1183,40.0,1.624,0.3809,-5.774
1184,40.0,1.649,0.3805,-5.82
1185,40.0,1.674,0.3802,-5.863
1186,40.0,1.7,0.3798,-5.909
1187,40.0,1.726,0.3794,-5.955
1188,40.0,1.753,0.379,-6.003
1189,40.0,1.779,0.3785,-6.05
1190,40.0,1.807,0.3781,-6.102
1191,40.0,1.835,0.3776,-6.153
1192,40.0,1.863,0.3772,-6.206
1193,40.0,1.891,0.3767,-6.258
1194,40.0,1.92,0.3763,-6.313
1195,40.0,1.95,0.3758,-6.369
1196,40.0,1.98,0.3753,-6.426
1197,40.0,2.01,0.3748,-6.483
1198,40.0,2.041,0.3743,-6.541
1199,40.0,2.072,0.3738,-6.599
1200,40.0,2.104,0.3733,-6.658
1201,40.0,2.136,0.3727,-6.717
1202,40.0,2.169,0.3722,-6.777
1203,40.0,2.202,0.3717,-6.835
1204,40.0,2.236,0.3712,-6.895
1205,40.0,2.271,0.3707,-6.955
1206,40.0,2.305,0.3702,-7.012
1207,40.0,2.341,0.3697,-7.071
1208,40.0,2.377,0.3692,-7.128
1209,40.0,2.413,0.3687,-7.184
1210,40.0,2.45,0.3682,-7.238
1211,40.0,2.488,0.3677,-7.292
1212,40.0,2.526,0.3673,-7.344
1213,40.0,2.565,0.3668,-7.394
1214,40.0,2.604,0.3664,-7.443
1215,40.0,2.644,0.3659,-7.495
1216,40.0,2.685,0.3654,-7.549
1217,40.0,2.726,0.3649,-7.604
1218,40.0,2.768,0.3644,-7.66
1219,40.0,2.81,0.3639,-7.717
1220,40.0,2.853,0.3634,-7.777
1221,40.0,2.897,0.3628,-7.838
1222,40.0,2.942,0.3622,-7.9
1223,40.0,2.987,0.3617,-7.963
1224,40.0,3.033,0.3611,-8.028
1225,40.0,3.079,0.3605,-8.093
1226,40.0,3.126,0.3599,-8.159
1227,40.0,3.174,0.3593,-8.226
1228,40.0,3.223,0.3586,-8.294
1229,40.0,3.273,0.358,-8.364
1230,40.0,3.323,0.3574,-8.432
1231,40.0,3.374,0.3568,-8.502
1232,40.0,3.426,0.3561,-8.571
1233,40.0,3.478,0.3555,-8.64
1234,40.0,3.532,0.3549,-8.71
1235,40.0,3.586,0.3542,-8.778
1236,40.0,3.641,0.3536,-8.847
1237,40.0,3.697,0.353,-8.914
1238,40.0,3.754,0.3524,-8.981
1239,40.0,3.811,0.3518,-9.045
1240,40.0,3.87,0.3512,-9.109
1241,40.0,3.929,0.3507,-9.17
1242,40.0,3.989,0.3501,-9.23
1243,40.0,4.051,0.3496,-9.288
1244,40.0,4.113,0.3491,-9.344
1245,40.0,4.176,0.3486,-9.4
1246,40.0,4.24,0.3481,-9.458
1247,40.0,4.305,0.3475,-9.518
1248,40.0,4.371,0.347,-9.579
1249,40.0,4.438,0.3464,-9.643
1250,40.0,4.506,0.3458,-9.708
1251,40.0,4.575,0.3452,-9.775
1252,40.0,4.646,0.3446,-9.844
1253,40.0,4.717,0.344,-9.914
1254,40.0,4.789,0.3433,-9.985
1255,40.0,4.863,0.3427,-10.059
1256,40.0,4.938,0.342,-10.133
1257,40.0,5.013,0.3413,-10.208
1258,40.0,5.09,0.3406,-10.285
1259,40.0,5.168,0.3399,-10.363
1260,40.0,5.248,0.3392,-10.442
1261,40.0,5.328,0.3385,-10.521
1262,40.0,5.41,0.3378,-10.602
1263,40.0,5.493,0.3371,-10.682
1264,40.0,5.577,0.3363,-10.763
1265,40.0,5.663,0.3356,-10.844
1266,40.0,5.75,0.3349,-10.925
1267,40.0,5.838,0.3341,-11.006
1268,40.0,5.928,0.3334,-11.086
1269,40.0,6.019,0.3327,-11.166
1270,40.0,6.111,0.332,-11.244
1271,40.0,6.205,0.3313,-11.321
1272,40.0,6.3,0.3306,-11.396
1273,40.0,6.397,0.33,-11.47
1274,40.0,6.495,0.3293,-11.542
1275,40.0,6.595,0.3287,-11.612
1276,40.0,6.696,0.3281,-11.678
1277,40.0,6.799,0.3275,-11.742
1278,40.0,6.903,0.327,-11.803
1279,40.0,7.009,0.3265,-11.867
1280,40.0,7.117,0.3259,-11.932
1281,40.0,7.226,0.3254,-11.999
1282,40.0,7.337,0.3248,-12.069
1283,40.0,7.45,0.3242,-12.14
1284,40.0,7.564,0.3236,-12.213
1285,40.0,7.68,0.323,-12.288
1286,40.0,7.798,0.3223,-12.366
1287,40.0,7.918,0.3217,-12.445
1288,40.0,8.039,0.321,-12.525
1289,40.0,8.162,0.3203,-12.607
1290,40.0,8.288,0.3196,-12.692
1291,40.0,8.415,0.3189,-12.777
1292,40.0,8.544,0.3182,-12.864
1293,40.0,8.675,0.3175,-12.952
1294,40.0,8.808,0.3167,-13.042
1295,40.0,8.944,0.316,-13.133
1296,40.0,9.081,0.3152,-13.225
1297,40.0,9.22,0.3144,-13.317
1298,40.0,9.362,0.3136,-13.411
1299,40.0,9.505,0.3129,-13.504
1300,40.0,9.651,0.3121,-13.598
1301,40.0,9.799,0.3113,-13.693
1302,40.0,9.95,0.3105,-13.788
1303,40.0,10.103,0.3097,-13.882
1304,40.0,10.258,0.309,-13.975
1305,40.0,10.415,0.3082,-14.068
1306,40.0,10.575,0.3074,-14.16
1307,40.0,10.737,0.3067,-14.25
1308,40.0,10.902,0.3059,-14.339
1309,40.0,11.069,0.3052,-14.425
1310,40.0,11.239,0.3045,-14.51
1311,40.0,11.412,0.3038,-14.592
1312,40.0,11.587,0.3032,-14.671
1313,40.0,11.765,0.3026,-14.747
1314,40.0,11.945,0.302,-14.818
1315,40.0,12.129,0.3014,-14.888
1316,40.0,12.315,0.3009,-14.959
1317,40.0,12.504,0.3004,-15.032
1318,40.0,12.696,0.2998,-15.108
1319,40.0,12.891,0.2993,-15.186
1320,40.0,13.089,0.2987,-15.265
1321,40.0,13.289,0.2981,-15.347
1322,40.0,13.493,0.2975,-15.431
1323,40.0,13.701,0.2969,-15.517
1324,40.0,13.911,0.2963,-15.605
1325,40.0,14.124,0.2957,-15.695
1326,40.0,14.341,0.295,-15.787
1327,40.0,14.561,0.2943,-15.88
1328,40.0,14.785,0.2936,-15.976
1329,40.0,15.012,0.2929,-16.073
1330,40.0,15.242,0.2922,-16.172
1331,40.0,15.476,0.2915,-16.272
1332,40.0,15.714,0.2908,-16.374
1333,40.0,15.955,0.2901,-16.477
1334,40.0,16.2,0.2893,-16.582
1335,40.0,16.448,0.2885,-16.688
1336,40.0,16.701,0.2878,-16.795
1337,40.0,16.957,0.287,-16.902
1338,40.0,17.217,0.2862,-17.011
1339,40.0,17.482,0.2855,-17.121
1340,40.0,17.75,0.2847,-17.231
1341,40.0,18.022,0.2839,-17.341
1342,40.0,18.299,0.2831,-17.451
1343,40.0,18.58,0.2823,-17.56
1344,40.0,18.865,0.2815,-17.669
1345,40.0,19.155,0.2808,-17.777
1346,40.0,19.449,0.28,-17.885
1347,40.0,19.747,0.2792,-17.99
1348,40.0,20.05,0.2785,-18.094
1349,40.0,20.358,0.2778,-18.195
1350,40.0,20.671,0.2771,-18.294
1351,40.0,20.988,0.2764,-18.389
1352,40.0,21.31,0.2757,-18.481
1353,40.0,21.637,0.2751,-18.57
1354,40.0,21.969,0.2745,-18.655
1355,40.0,22.306,0.2739,-18.736
1356,40.0,22.649,0.2734,-18.816
1357,40.0,22.996,0.273,-18.897
1358,40.0,23.349,0.2725,-18.981
1359,40.0,23.708,0.272,-19.068
1360,40.0,24.072,0.2715,-19.156
1361,40.0,24.441,0.271,-19.247
1362,40.0,24.816,0.2704,-19.339
1363,40.0,25.197,0.2699,-19.435
1364,40.0,25.584,0.2693,-19.532
1365,40.0,25.977,0.2687,-19.631
1366,40.0,26.375,0.2682,-19.732
1367,40.0,26.78,0.2676,-19.835
1368,40.0,27.191,0.267,-19.94
1369,40.0,27.608,0.2663,-20.047
1370,40.0,28.032,0.2657,-20.156
1371,40.0,28.462,0.2651,-20.267
1372,40.0,28.899,0.2644,-20.379
1373,40.0,29.343,0.2638,-20.494
1374,40.0,29.793,0.2631,-20.61
1375,40.0,30.251,0.2624,-20.727
1376,40.0,30.715,0.2617,-20.844
1377,40.0,31.186,0.2611,-20.963
1378,40.0,31.665,0.2604,-21.083
1379,40.0,32.151,0.2597,-21.205
1380,40.0,32.645,0.259,-21.328
1381,40.0,33.146,0.2582,-21.452
1382,40.0,33.654,0.2575,-21.578
1383,40.0,34.171,0.2568,-21.706
1384,40.0,34.695,0.2561,-21.832
1385,40.0,35.228,0.2553,-21.956
1386,40.0,35.769,0.2546,-22.077
1387,40.0,36.318,0.254,-22.197
1388,40.0,36.875,0.2533,-22.316
1389,40.0,37.441,0.2526,-22.435
1390,40.0,38.016,0.2519,-22.555
1391,40.0,38.599,0.2512,-22.676
1392,40.0,39.192,0.2505,-22.797
1393,40.0,39.793,0.2498,-22.915
1394,40.0,40.404,0.2492,-23.03
1395,40.0,41.024,0.2485,-23.141
1396,40.0,41.654,0.2479,-23.246
1397,40.0,42.293,0.2473,-23.348
1398,40.0,42.942,0.2468,-23.446
1399,40.0,43.601,0.2462,-23.54
1400,40.0,44.271,0.2457,-23.631
1401,40.0,44.95,0.2453,-23.721
1402,40.0,45.64,0.2449,-23.814
1403,40.0,46.341,0.2445,-23.909
1404,40.0,47.052,0.244,-24.006
1405,40.0,47.774,0.2436,-24.104
1406,40.0,48.507,0.2432,-24.205
1407,40.0,49.252,0.2427,-24.307
1408,40.0,50.008,0.2423,-24.411
1409,40.0,50.775,0.2418,-24.516
1410,40.0,51.555,0.2413,-24.623
1411,40.0,52.346,0.2409,-24.732
1412,40.0,53.15,0.2404,-24.843
1413,40.0,53.965,0.2399,-24.956
1414,40.0,54.794,0.2394,-25.071
1415,40.0,55.635,0.2389,-25.188
1416,40.0,56.489,0.2383,-25.306
1417,40.0,57.356,0.2378,-25.426
1418,40.0,58.236,0.2373,-25.547
1419,40.0,59.13,0.2367,-25.669
1420,40.0,60.037,0.2362,-25.793
1421,40.0,60.959,0.2357,-25.919
1422,40.0,61.895,0.2351,-26.045
1423,40.0,62.845,0.2345,-26.173
1424,40.0,63.809,0.234,-26.302
1425,40.0,64.789,0.2334,-26.431
1426,40.0,65.783,0.2328,-26.562
1427,40.0,66.793,0.2323,-26.692
1428,40.0,67.818,0.2317,-26.823
1429,40.0,68.859,0.2311,-26.955
1430,40.0,69.916,0.2305,-27.087
1431,40.0,70.989,0.23,-27.221
1432,40.0,72.078,0.2294,-27.352
1433,40.0,73.185,0.2288,-27.482
1434,40.0,74.308,0.2282,-27.612
1435,40.0,75.449,0.2277,-27.743
1436,40.0,76.607,0.2271,-27.873
1437,40.0,77.783,0.2265,-27.999
1438,40.0,78.976,0.226,-28.123
1439,40.0,80.189,0.2255,-28.249
1440,40.0,81.419,0.2249,-28.374
1441,40.0,82.669,0.2244,-28.5
1442,40.0,83.938,0.2238,-28.62
1443,40.0,85.226,0.2233,-28.738
1444,40.0,86.534,0.2228,-28.853
1445,40.0,87.863,0.2223,-28.965
1446,40.0,89.211,0.2218,-29.076
1447,40.0,90.581,0.2214,-29.182
1448,40.0,91.971,0.2209,-29.283
1449,40.0,93.382,0.2205,-29.383
1450,40.0,94.816,0.2201,-29.482
1451,40.0,96.271,0.2196,-29.581
1452,40.0,97.749,0.2192,-29.682
1453,40.0,99.249,0.2188,-29.78
1454,40.0,100.772,0.2184,-29.874
1455,40.0,102.319,0.2181,-29.968
1456,40.0,103.89,0.2178,-30.062
1457,40.0,105.484,0.2175,-30.158
1458,40.0,107.103,0.2172,-30.255
1459,40.0,108.747,0.2169,-30.354
1460,40.0,110.416,0.2166,-30.453
1461,40.0,112.111,0.2162,-30.552
1462,40.0,113.832,0.2159,-30.653
1463,40.0,115.579,0.2156,-30.754
1464,40.0,117.353,0.2153,-30.856
1465,40.0,119.154,0.2149,-30.96
1466,40.0,120.983,0.2146,-31.064
1467,40.0,122.84,0.2143,-31.17
1468,40.0,124.726,0.2139,-31.276
1469,40.0,126.64,0.2136,-31.384
1470,40.0,128.584,0.2133,-31.492
1471,40.0,130.558,0.2129,-31.603
1472,40.0,132.561,0.2126,-31.714
1473,40.0,134.596,0.2122,-31.824
1474,40.0,136.662,0.2119,-31.935
1475,40.0,138.76,0.2115,-32.044
1476,40.0,140.889,0.2112,-32.151
1477,40.0,143.052,0.2108,-32.259
1478,40.0,145.248,0.2105,-32.365
1479,40.0,147.477,0.2102,-32.471
1480,40.0,149.741,0.2098,-32.577
1481,40.0,152.039,0.2095,-32.683
1482,40.0,154.373,0.2091,-32.788
1483,40.0,156.742,0.2088,-32.892
1484,40.0,159.148,0.2085,-32.996
1485,40.0,161.591,0.2082,-33.1
1486,40.0,164.071,0.2078,-33.204
1487,40.0,166.589,0.2075,-33.307
1488,40.0,169.146,0.2072,-33.41
1489,40.0,171.742,0.2068,-33.514
1490,40.0,174.378,0.2065,-33.618
1491,40.0,177.055,0.2062,-33.721
1492,40.0,179.772,0.2059,-33.825
1493,40.0,182.532,0.2055,-33.927
1494,40.0,185.333,0.2052,-34.029
1495,40.0,188.178,0.2049,-34.132
1496,40.0,191.066,0.2046,-34.234
1497,40.0,193.999,0.2042,-34.336
1498,40.0,196.977,0.204,-34.424
1499,40.0,200.0,0.2037,-34.501
1500,55.0,0.1,0.4088,-1.002
1501,55.0,0.102,0.4087,-1.019
1502,55.0,0.103,0.4087,-1.028
1503,55.0,0.105,0.4087,-1.045
1504,55.0,0.106,0.4087,-1.053
1505,55.0,0.108,0.4086,-1.07
1506,55.0,0.11,0.4086,-1.087
1507,55.0,0.111,0.4086,-1.095
1508,55.0,0.113,0.4085,-1.111
1509,55.0,0.115,0.4085,-1.127
1510,55.0,0.116,0.4085,-1.135
1511,55.0,0.118,0.4084,-1.15
1512,55.0,0.12,0.4084,-1.166
1513,55.0,0.122,0.4083,-1.181
1514,55.0,0.124,0.4083,-1.197
1515,55.0,0.126,0.4083,-1.213
1516,55.0,0.128,0.4082,-1.228
1517,55.0,0.13,0.4082,-1.244
1518,55.0,0.132,0.4081,-1.26
1519,55.0,0.134,0.4081,-1.276
1520,55.0,0.136,0.408,-1.292
1521,55.0,0.138,0.408,-1.307
1522,55.0,0.14,0.4079,-1.323
1523,55.0,0.142,0.4079,-1.338
1524,55.0,0.144,0.4078,-1.354
1525,55.0,0.146,0.4078,-1.369
1526,55.0,0.149,0.4077,-1.391
1527,55.0,0.151,0.4077,-1.406
1528,55.0,0.153,0.4077,-1.421
1529,55.0,0.156,0.4076,-1.442
1530,55.0,0.158,0.4076,-1.456
1531,55.0,0.16,0.4075,-1.47
1532,55.0,0.163,0.4074,-1.491
1533,55.0,0.165,0.4074,-1.505
1534,55.0,0.168,0.4073,-1.527
1535,55.0,0.17,0.4073,-1.541
1536,55.0,0.173,0.4072,-1.563
1537,55.0,0.176,0.4071,-1.584
1538,55.0,0.178,0.4071,-1.599
1539,55.0,0.181,0.407,-1.62
1540,55.0,0.184,0.4069,-1.642
1541,55.0,0.187,0.4068,-1.663
1542,55.0,0.19,0.4068,-1.684
1543,55.0,0.193,0.4067,-1.705
1544,55.0,0.195,0.4066,-1.719
1545,55.0,0.198,0.4066,-1.739
1546,55.0,0.202,0.4065,-1.766
1547,55.0,0.205,0.4064,-1.786
1548,55.0,0.208,0.4063,-1.805
1549,55.0,0.211,0.4063,-1.824
1550,55.0,0.214,0.4062,-1.843
1551,55.0,0.217,0.4061,-1.861
1552,55.0,0.221,0.406,-1.887
1553,55.0,0.224,0.4059,-1.906
1554,55.0,0.228,0.4058,-1.931
1555,55.0,0.231,0.4058,-1.951
1556,55.0,0.235,0.4056,-1.976
1557,55.0,0.238,0.4056,-1.996
1558,55.0,0.242,0.4055,-2.021
1559,55.0,0.246,0.4053,-2.047
1560,55.0,0.249,0.4053,-2.066
1561,55.0,0.253,0.4052,-2.091
1562,55.0,0.257,0.4051,-2.116
1563,55.0,0.261,0.405,-2.141
1564,55.0,0.265,0.4048,-2.166
1565,55.0,0.269,0.4047,-2.19
1566,55.0,0.273,0.4046,-2.214
1567,55.0,0.277,0.4045,-2.237
1568,55.0,0.282,0.4044,-2.266
1569,55.0,0.286,0.4043,-2.288
1570,55.0,0.29,0.4042,-2.31
1571,55.0,0.295,0.4041,-2.338
1572,55.0,0.299,0.404,-2.36
1573,55.0,0.304,0.4038,-2.387
1574,55.0,0.309,0.4037,-2.415
1575,55.0,0.313,0.4036,-2.438
1576,55.0,0.318,0.4035,-2.466
1577,55.0,0.323,0.4033,-2.494
1578,55.0,0.328,0.4032,-2.522
1579,55.0,0.333,0.403,-2.55
1580,55.0,0.338,0.4029,-2.578
1581,55.0,0.343,0.4027,-2.606
1582,55.0,0.349,0.4026,-2.639
1583,55.0,0.354,0.4024,-2.666
1584,55.0,0.359,0.4023,-2.693
1585,55.0,0.365,0.4021,-2.725
1586,55.0,0.371,0.402,-2.757
1587,55.0,0.376,0.4019,-2.783
1588,55.0,0.382,0.4017,-2.813
1589,55.0,0.388,0.4015,-2.843
1590,55.0,0.394,0.4014,-2.873
1591,55.0,0.4,0.4013,-2.901
1592,55.0,0.406,0.4011,-2.929
1593,55.0,0.412,0.4009,-2.957
1594,55.0,0.419,0.4007,-2.99
1595,55.0,0.425,0.4006,-3.019
1596,55.0,0.432,0.4004,-3.052
1597,55.0,0.438,0.4002,-3.081
1598,55.0,0.445,0.4,-3.114
1599,55.0,0.452,0.3998,-3.148
1600,55.0,0.459,0.3996,-3.181
1601,55.0,0.466,0.3994,-3.215
1602,55.0,0.473,0.3992,-3.248
1603,55.0,0.48,0.399,-3.281
1604,55.0,0.488,0.3988,-3.319
1605,55.0,0.495,0.3986,-3.352
1606,55.0,0.503,0.3983,-3.389
1607,55.0,0.51,0.3982,-3.421
1608,55.0,0.518,0.3979,-3.456
1609,55.0,0.526,0.3977,-3.492
1610,55.0,0.534,0.3975,-3.527
1611,55.0,0.542,0.3973,-3.561
1612,55.0,0.551,0.3971,-3.598
1613,55.0,0.559,0.3969,-3.63
1614,55.0,0.568,0.3967,-3.666
1615,55.0,0.576,0.3965,-3.697
1616,55.0,0.585,0.3962,-3.732
1617,55.0,0.594,0.396,-3.767
1618,55.0,0.603,0.3957,-3.802
1619,55.0,0.613,0.3955,-3.842
1620,55.0,0.622,0.3952,-3.877
1621,55.0,0.632,0.3949,-3.917
1622,55.0,0.641,0.3947,-3.953
1623,55.0,0.651,0.3944,-3.993
1624,55.0,0.661,0.3941,-4.033
1625,55.0,0.671,0.3939,-4.072
1626,55.0,0.682,0.3936,-4.115
1627,55.0,0.692,0.3933,-4.155
1628,55.0,0.703,0.393,-4.197
1629,55.0,0.713,0.3927,-4.236
1630,55.0,0.724,0.3924,-4.277
1631,55.0,0.736,0.3921,-4.322
1632,55.0,0.747,0.3918,-4.363
1633,55.0,0.758,0.3915,-4.403
1634,55.0,0.77,0.3912,-4.446
1635,55.0,0.782,0.391,-4.487
1636,55.0,0.794,0.3907,-4.528
1637,55.0,0.806,0.3904,-4.568
1638,55.0,0.818,0.3901,-4.606
1639,55.0,0.831,0.3898,-4.647
1640,55.0,0.844,0.3895,-4.687
1641,55.0,0.857,0.3892,-4.727
1642,55.0,0.87,0.3889,-4.768
1643,55.0,0.883,0.3886,-4.809
1644,55.0,0.897,0.3882,-4.853
1645,55.0,0.91,0.3879,-4.895
1646,55.0,0.924,0.3875,-4.939
1647,55.0,0.939,0.3871,-4.987
1648,55.0,0.953,0.3868,-5.032
1649,55.0,0.968,0.3864,-5.08
1650,55.0,0.982,0.386,-5.124
1651,55.0,0.997,0.3857,-5.172
1652,55.0,1.013,0.3853,-5.222
1653,55.0,1.028,0.3849,-5.269
1654,55.0,1.044,0.3845,-5.318
1655,55.0,1.06,0.3841,-5.367
1656,55.0,1.076,0.3837,-5.416
1657,55.0,1.093,0.3833,-5.466
1658,55.0,1.11,0.3829,-5.516
1659,55.0,1.127,0.3826,-5.564
1660,55.0,1.144,0.3822,-5.612
1661,55.0,1.162,0.3818,-5.661
1662,55.0,1.179,0.3814,-5.706
1663,55.0,1.198,0.381,-5.756
1664,55.0,1.216,0.3807,-5.801
1665,55.0,1.235,0.3803,-5.847
1666,55.0,1.254,0.3799,-5.892
1667,55.0,1.273,0.3795,-5.937
1668,55.0,1.292,0.3791,-5.982
1669,55.0,1.312,0.3787,-6.031
1670,55.0,1.332,0.3783,-6.08
1671,55.0,1.353,0.3778,-6.131
1672,55.0,1.374,0.3774,-6.183
1673,55.0,1.395,0.3769,-6.234
1674,55.0,1.416,0.3765,-6.286
1675,55.0,1.438,0.376,-6.34
1676,55.0,1.46,0.3755,-6.395
1677,55.0,1.482,0.3751,-6.449
1678,55.0,1.505,0.3746,-6.505
1679,55.0,1.528,0.3741,-6.561
1680,55.0,1.552,0.3736,-6.619
1681,55.0,1.575,0.3731,-6.674
1682,55.0,1.599,0.3726,-6.731
1683,55.0,1.624,0.3721,-6.789
1684,55.0,1.649,0.3716,-6.847
1685,55.0,1.674,0.3711,-6.904
1686,55.0,1.7,0.3706,-6.961
1687,55.0,1.726,0.3701,-7.018
1688,55.0,1.753,0.3696,-7.076
1689,55.0,1.779,0.3691,-7.13
1690,55.0,1.807,0.3687,-7.186
1691,55.0,1.835,0.3682,-7.241
1692,55.0,1.863,0.3677,-7.294
1693,55.0,1.891,0.3673,-7.346
1694,55.0,1.92,0.3668,-7.396
1695,55.0,1.95,0.3663,-7.448
1696,55.0,1.98,0.3659,-7.501
1697,55.0,2.01,0.3654,-7.554
1698,55.0,2.041,0.3649,-7.609
1699,55.0,2.072,0.3644,-7.665
1700,55.0,2.104,0.3639,-7.723
1701,55.0,2.136,0.3633,-7.781
1702,55.0,2.169,0.3628,-7.841
1703,55.0,2.202,0.3622,-7.901
1704,55.0,2.236,0.3617,-7.963
1705,55.0,2.271,0.3611,-8.027
1706,55.0,2.305,0.3605,-8.088
1707,55.0,2.341,0.3599,-8.154
1708,55.0,2.377,0.3593,-8.219
1709,55.0,2.413,0.3587,-8.283
1710,55.0,2.45,0.3581,-8.349
1711,55.0,2.488,0.3575,-8.417
1712,55.0,2.526,0.3569,-8.483
1713,55.0,2.565,0.3563,-8.551
1714,55.0,2.604,0.3557,-8.617
1715,55.0,2.644,0.3551,-8.684
1716,55.0,2.685,0.3545,-8.752
1717,55.0,2.726,0.3539,-8.818
1718,55.0,2.768,0.3533,-8.884
1719,55.0,2.81,0.3527,-8.949
1720,55.0,2.853,0.3521,-9.014
1721,55.0,2.897,0.3515,-9.078
1722,55.0,2.942,0.3509,-9.141
1723,55.0,2.987,0.3504,-9.202
1724,55.0,3.033,0.3498,-9.261
1725,55.0,3.079,0.3493,-9.319
1726,55.0,3.126,0.3488,-9.376
1727,55.0,3.174,0.3483,-9.434
1728,55.0,3.223,0.3477,-9.495
1729,55.0,3.273,0.3472,-9.557
1730,55.0,3.323,0.3466,-9.62
1731,55.0,3.374,0.346,-9.685
1732,55.0,3.426,0.3454,-9.751
1733,55.0,3.478,0.3448,-9.817
1734,55.0,3.532,0.3442,-9.886
1735,55.0,3.586,0.3436,-9.956
1736,55.0,3.641,0.3429,-10.026
1737,55.0,3.697,0.3423,-10.098
1738,55.0,3.754,0.3416,-10.172
1739,55.0,3.811,0.341,-10.245
1740,55.0,3.87,0.3403,-10.32
1741,55.0,3.929,0.3396,-10.395
1742,55.0,3.989,0.3389,-10.471
1743,55.0,4.051,0.3382,-10.549
1744,55.0,4.113,0.3376,-10.627
1745,55.0,4.176,0.3369,-10.704
1746,55.0,4.24,0.3362,-10.782
1747,55.0,4.305,0.3354,-10.86
1748,55.0,4.371,0.3347,-10.939
1749,55.0,4.438,0.334,-11.017
1750,55.0,4.506,0.3333,-11.094
1751,55.0,4.575,0.3327,-11.172
1752,55.0,4.646,0.332,-11.249
1753,55.0,4.717,0.3313,-11.324
1754,55.0,4.789,0.3306,-11.399
1755,55.0,4.863,0.3299,-11.472
1756,55.0,4.938,0.3293,-11.545
1757,55.0,5.013,0.3287,-11.614
1758,55.0,5.09,0.3281,-11.682
1759,55.0,5.168,0.3275,-11.748
1760,55.0,5.248,0.3269,-11.813
1761,55.0,5.328,0.3264,-11.878
1762,55.0,5.41,0.3258,-11.946
1763,55.0,5.493,0.3252,-12.015
1764,55.0,5.577,0.3247,-12.085
1765,55.0,5.663,0.324,-12.158
1766,55.0,5.75,0.3234,-12.232
1767,55.0,5.838,0.3228,-12.307
1768,55.0,5.928,0.3222,-12.385
1769,55.0,6.019,0.3215,-12.463
1770,55.0,6.111,0.3209,-12.542
1771,55.0,6.205,0.3202,-12.624
1772,55.0,6.3,0.3195,-12.706
1773,55.0,6.397,0.3188,-12.79
1774,55.0,6.495,0.3181,-12.875
1775,55.0,6.595,0.3174,-12.961
1776,55.0,6.696,0.3167,-13.048
1777,55.0,6.799,0.3159,-13.136
1778,55.0,6.903,0.3152,-13.224
1779,55.0,7.009,0.3145,-13.314
1780,55.0,7.117,0.3137,-13.404
1781,55.0,7.226,0.3129,-13.495
1782,55.0,7.337,0.3122,-13.586
1783,55.0,7.45,0.3114,-13.678
1784,55.0,7.564,0.3107,-13.769
1785,55.0,7.68,0.3099,-13.86
1786,55.0,7.798,0.3092,-13.952
1787,55.0,7.918,0.3084,-14.042
1788,55.0,8.039,0.3077,-14.132
1789,55.0,8.162,0.3069,-14.221
1790,55.0,8.288,0.3062,-14.31
1791,55.0,8.415,0.3055,-14.396
1792,55.0,8.544,0.3048,-14.481
1793,55.0,8.675,0.3041,-14.565
1794,55.0,8.808,0.3034,-14.646
1795,55.0,8.944,0.3027,-14.725
1796,55.0,9.081,0.3021,-14.801
1797,55.0,9.22,0.3015,-14.875
1798,55.0,9.362,0.301,-14.949
1799,55.0,9.505,0.3004,-15.025
1800,55.0,9.651,0.2999,-15.103
1801,55.0,9.799,0.2993,-15.182
1802,55.0,9.95,0.2987,-15.264
1803,55.0,10.103,0.2981,-15.347
1804,55.0,10.258,0.2975,-15.432
1805,55.0,10.415,0.2969,-15.518
1806,55.0,10.575,0.2963,-15.607
1807,55.0,10.737,0.2956,-15.696
1808,55.0,10.902,0.295,-15.788
1809,55.0,11.069,0.2943,-15.88
1810,55.0,11.239,0.2936,-15.975
1811,55.0,11.412,0.293,-16.071
1812,55.0,11.587,0.2923,-16.168
1813,55.0,11.765,0.2916,-16.267
1814,55.0,11.945,0.2908,-16.366
1815,55.0,12.129,0.2901,-16.468
1816,55.0,12.315,0.2894,-16.57
1817,55.0,12.504,0.2887,-16.673
1818,55.0,12.696,0.2879,-16.778
1819,55.0,12.891,0.2872,-16.883
1820,55.0,13.089,0.2864,-16.989
1821,55.0,13.289,0.2856,-17.095
1822,55.0,13.493,0.2849,-17.201
1823,55.0,13.701,0.2841,-17.309
1824,55.0,13.911,0.2833,-17.415
1825,55.0,14.124,0.2826,-17.522
1826,55.0,14.341,0.2818,-17.63
1827,55.0,14.561,0.281,-17.737
1828,55.0,14.785,0.2803,-17.842
1829,55.0,15.012,0.2795,-17.947
1830,55.0,15.242,0.2788,-18.051
1831,55.0,15.476,0.2781,-18.152
1832,55.0,15.714,0.2774,-18.253
1833,55.0,15.955,0.2766,-18.352
1834,55.0,16.2,0.276,-18.448
1835,55.0,16.448,0.2753,-18.541
1836,55.0,16.701,0.2746,-18.632
1837,55.0,16.957,0.274,-18.719
1838,55.0,17.217,0.2735,-18.805
1839,55.0,17.482,0.273,-18.892
1840,55.0,17.75,0.2725,-18.981
1841,55.0,18.022,0.272,-19.071
1842,55.0,18.299,0.2714,-19.164
1843,55.0,18.58,0.2709,-19.259
1844,55.0,18.865,0.2703,-19.356
1845,55.0,19.155,0.2698,-19.454
1846,55.0,19.449,0.2692,-19.554
1847,55.0,19.747,0.2686,-19.656
1848,55.0,20.05,0.268,-19.76
1849,55.0,20.358,0.2674,-19.866
1850,55.0,20.671,0.2668,-19.973
1851,55.0,20.988,0.2661,-20.082
1852,55.0,21.31,0.2655,-20.192
1853,55.0,21.637,0.2649,-20.304
1854,55.0,21.969,0.2642,-20.418
1855,55.0,22.306,0.2635,-20.532
1856,55.0,22.649,0.2629,-20.649
1857,55.0,22.996,0.2622,-20.766
1858,55.0,23.349,0.2615,-20.886
1859,55.0,23.708,0.2608,-21.007
1860,55.0,24.072,0.2601,-21.129
1861,55.0,24.441,0.2594,-21.251
1862,55.0,24.816,0.2587,-21.372
1863,55.0,25.197,0.258,-21.493
1864,55.0,25.584,0.2573,-21.614
1865,55.0,25.977,0.2566,-21.736
1866,55.0,26.375,0.2559,-21.86
1867,55.0,26.78,0.2552,-21.986
1868,55.0,27.191,0.2544,-22.113
1869,55.0,27.608,0.2537,-22.243
1870,55.0,28.032,0.2529,-22.374
1871,55.0,28.462,0.2522,-22.503
1872,55.0,28.899,0.2515,-22.626
1873,55.0,29.343,0.2508,-22.748
1874,55.0,29.793,0.2501,-22.867
1875,55.0,30.251,0.2494,-22.987
1876,55.0,30.715,0.2487,-23.104
1877,55.0,31.186,0.2481,-23.218
1878,55.0,31.665,0.2474,-23.331
1879,55.0,32.151,0.2468,-23.44
1880,55.0,32.645,0.2462,-23.545
1881,55.0,33.146,0.2456,-23.648
1882,55.0,33.654,0.2452,-23.749
1883,55.0,34.171,0.2447,-23.853
1884,55.0,34.695,0.2442,-23.959
1885,55.0,35.228,0.2438,-24.067
1886,55.0,35.769,0.2433,-24.177
1887,55.0,36.318,0.2428,-24.288
1888,55.0,36.875,0.2423,-24.401
1889,55.0,37.441,0.2418,-24.517
1890,55.0,38.016,0.2413,-24.634
1891,55.0,38.599,0.2408,-24.753
1892,55.0,39.192,0.2402,-24.874
1893,55.0,39.793,0.2397,-24.996
1894,55.0,40.404,0.2391,-25.121
1895,55.0,41.024,0.2386,-25.247
1896,55.0,41.654,0.238,-25.375
1897,55.0,42.293,0.2375,-25.505
1898,55.0,42.942,0.2369,-25.637
1899,55.0,43.601,0.2363,-25.77
1900,55.0,44.271,0.2357,-25.905
1901,55.0,44.95,0.2351,-26.041
1902,55.0,45.64,0.2345,-26.179
1903,55.0,46.341,0.2339,-26.317
1904,55.0,47.052,0.2333,-26.457
1905,55.0,47.774,0.2327,-26.599
1906,55.0,48.507,0.2321,-26.741
1907,55.0,49.252,0.2314,-26.886
1908,55.0,50.008,0.2308,-27.029
1909,55.0,50.775,0.2302,-27.174
1910,55.0,51.555,0.2295,-27.321
1911,55.0,52.346,0.2289,-27.468
1912,55.0,53.15,0.2282,-27.616
1913,55.0,53.965,0.2276,-27.763
1914,55.0,54.794,0.2269,-27.908
1915,55.0,55.635,0.2263,-28.053
1916,55.0,56.489,0.2257,-28.199
1917,55.0,57.356,0.225,-28.347
1918,55.0,58.236,0.2244,-28.497
1919,55.0,59.13,0.2237,-28.645
1920,55.0,60.037,0.2231,-28.791
1921,55.0,60.959,0.2225,-28.933
1922,55.0,61.895,0.2218,-29.073
1923,55.0,62.845,0.2212,-29.21
1924,55.0,63.809,0.2207,-29.346
1925,55.0,64.789,0.2201,-29.479
1926,55.0,65.783,0.2195,-29.609
1927,55.0,66.793,0.219,-29.734
1928,55.0,67.818,0.2184,-29.855
1929,55.0,68.859,0.2181,-29.976
1930,55.0,69.916,0.2177,-30.098
1931,55.0,70.989,0.2173,-30.223
1932,55.0,72.078,0.2169,-30.349
1933,55.0,73.185,0.2165,-30.477
1934,55.0,74.308,0.2161,-30.607
1935,55.0,75.449,0.2156,-30.738
1936,55.0,76.607,0.2152,-30.872
1937,55.0,77.783,0.2148,-31.007
1938,55.0,78.976,0.2144,-31.145
1939,55.0,80.189,0.2139,-31.284
1940,55.0,81.419,0.2135,-31.426
1941,55.0,82.669,0.213,-31.569
1942,55.0,83.938,0.2126,-31.713
1943,55.0,85.226,0.2121,-31.859
1944,55.0,86.534,0.2116,-32.007
1945,55.0,87.863,0.2112,-32.156
1946,55.0,89.211,0.2107,-32.307
1947,55.0,90.581,0.2102,-32.46
1948,55.0,91.971,0.2097,-32.613
1949,55.0,93.382,0.2092,-32.767
1950,55.0,94.816,0.2087,-32.921
1951,55.0,96.271,0.2082,-33.077
1952,55.0,97.749,0.2077,-33.233
1953,55.0,99.249,0.2072,-33.39
1954,55.0,100.772,0.2068,-33.543
1955,55.0,102.319,0.2063,-33.695
1956,55.0,103.89,0.2058,-33.846
1957,55.0,105.484,0.2053,-34.0
1958,55.0,107.103,0.2048,-34.154
1959,55.0,108.747,0.2043,-34.311
1960,55.0,110.416,0.2038,-34.469
1961,55.0,112.111,0.2033,-34.63
1962,55.0,113.832,0.2028,-34.793
1963,55.0,115.579,0.2023,-34.958
1964,55.0,117.353,0.2017,-35.125
1965,55.0,119.154,0.2012,-35.295
1966,55.0,120.983,0.2007,-35.467
1967,55.0,122.84,0.2001,-35.642
1968,55.0,124.726,0.1995,-35.819
1969,55.0,126.64,0.199,-35.998
1970,55.0,128.584,0.1984,-36.18
1971,55.0,130.558,0.1978,-36.363
1972,55.0,132.561,0.1973,-36.528
1973,55.0,134.596,0.1968,-36.686
1974,55.0,136.662,0.1963,-36.841
1975,55.0,138.76,0.1958,-36.993
1976,55.0,140.889,0.1953,-37.139
1977,55.0,143.052,0.1949,-37.281
1978,55.0,145.248,0.1945,-37.417
1979,55.0,147.477,0.194,-37.55
1980,55.0,149.741,0.1937,-37.682
1981,55.0,152.039,0.1934,-37.814
1982,55.0,154.373,0.1931,-37.948
1983,55.0,156.742,0.1928,-38.084
1984,55.0,159.148,0.1925,-38.221
1985,55.0,161.591,0.1922,-38.36
1986,55.0,164.071,0.1918,-38.501
1987,55.0,166.589,0.1915,-38.644
1988,55.0,169.146,0.1912,-38.789
1989,55.0,171.742,0.1909,-38.936
1990,55.0,174.378,0.1906,-39.085
1991,55.0,177.055,0.1902,-39.236
1992,55.0,179.772,0.1899,-39.389
1993,55.0,182.532,0.1895,-39.545
1994,55.0,185.333,0.1892,-39.703
1995,55.0,188.178,0.1888,-39.865
1996,55.0,191.066,0.1885,-40.029
1997,55.0,193.999,0.1881,-40.194
1998,55.0,196.977,0.1877,-40.355
1999,55.0,200.0,0.1874,-40.511
2000,70.0,0.1,0.4074,-1.495
2001,70.0,0.102,0.4073,-1.517
2002,70.0,0.103,0.4073,-1.529
2003,70.0,0.105,0.4072,-1.551
2004,70.0,0.106,0.4072,-1.563
2005,70.0,0.108,0.4071,-1.585
2006,70.0,0.11,0.407,-1.608
2007,70.0,0.111,0.407,-1.619
2008,70.0,0.113,0.4069,-1.641
2009,70.0,0.115,0.4068,-1.663
2010,70.0,0.116,0.4068,-1.674
2011,70.0,0.118,0.4067,-1.696
2012,70.0,0.12,0.4066,-1.718
2013,70.0,0.122,0.4066,-1.739
2014,70.0,0.124,0.4065,-1.76
2015,70.0,0.126,0.4064,-1.781
2016,70.0,0.128,0.4064,-1.801
2017,70.0,0.13,0.4063,-1.822
2018,70.0,0.132,0.4062,-1.841
2019,70.0,0.134,0.4061,-1.861
2020,70.0,0.136,0.406,-1.881
2021,70.0,0.138,0.406,-1.901
2022,70.0,0.14,0.4059,-1.921
2023,70.0,0.142,0.4058,-1.941
2024,70.0,0.144,0.4057,-1.961
2025,70.0,0.146,0.4056,-1.981
2026,70.0,0.149,0.4055,-2.011
2027,70.0,0.151,0.4054,-2.03
2028,70.0,0.153,0.4053,-2.05
2029,70.0,0.156,0.4052,-2.08
2030,70.0,0.158,0.4051,-2.099
2031,70.0,0.16,0.405,-2.118
2032,70.0,0.163,0.4049,-2.147
2033,70.0,0.165,0.4048,-2.166
2034,70.0,0.168,0.4047,-2.194
2035,70.0,0.17,0.4047,-2.212
2036,70.0,0.173,0.4045,-2.24
2037,70.0,0.176,0.4044,-2.266
2038,70.0,0.178,0.4043,-2.284
2039,70.0,0.181,0.4042,-2.31
2040,70.0,0.184,0.4041,-2.336
2041,70.0,0.187,0.404,-2.362
2042,70.0,0.19,0.4038,-2.387
2043,70.0,0.193,0.4037,-2.413
2044,70.0,0.195,0.4036,-2.431
2045,70.0,0.198,0.4035,-2.456
2046,70.0,0.202,0.4033,-2.491
2047,70.0,0.205,0.4032,-2.517
2048,70.0,0.208,0.4031,-2.542
2049,70.0,0.211,0.4029,-2.568
2050,70.0,0.214,0.4028,-2.593
2051,70.0,0.217,0.4027,-2.619
2052,70.0,0.221,0.4025,-2.652
2053,70.0,0.224,0.4024,-2.677
2054,70.0,0.228,0.4022,-2.71
2055,70.0,0.231,0.4021,-2.734
2056,70.0,0.235,0.4019,-2.766
2057,70.0,0.238,0.4018,-2.789
2058,70.0,0.242,0.4017,-2.821
2059,70.0,0.246,0.4015,-2.851
2060,70.0,0.249,0.4014,-2.874
2061,70.0,0.253,0.4012,-2.903
2062,70.0,0.257,0.4011,-2.932
2063,70.0,0.261,0.4009,-2.961
2064,70.0,0.265,0.4007,-2.99
2065,70.0,0.269,0.4006,-3.019
2066,70.0,0.273,0.4004,-3.048
2067,70.0,0.277,0.4002,-3.078
2068,70.0,0.282,0.4,-3.114
2069,70.0,0.286,0.3998,-3.143
2070,70.0,0.29,0.3996,-3.172
2071,70.0,0.295,0.3994,-3.208
2072,70.0,0.299,0.3993,-3.237
2073,70.0,0.304,0.399,-3.272
2074,70.0,0.309,0.3988,-3.308
2075,70.0,0.313,0.3987,-3.336
2076,70.0,0.318,0.3985,-3.37
2077,70.0,0.323,0.3983,-3.405
2078,70.0,0.328,0.398,-3.439
2079,70.0,0.333,0.3978,-3.472
2080,70.0,0.338,0.3976,-3.505
2081,70.0,0.343,0.3975,-3.538
2082,70.0,0.349,0.3972,-3.576
2083,70.0,0.354,0.397,-3.607
2084,70.0,0.359,0.3969,-3.638
2085,70.0,0.365,0.3966,-3.674
2086,70.0,0.371,0.3964,-3.71
2087,70.0,0.376,0.3962,-3.74
2088,70.0,0.382,0.3959,-3.775
2089,70.0,0.388,0.3957,-3.811
2090,70.0,0.394,0.3954,-3.847
2091,70.0,0.4,0.3952,-3.883
2092,70.0,0.406,0.3949,-3.919
2093,70.0,0.412,0.3947,-3.954
2094,70.0,0.419,0.3944,-3.996
2095,70.0,0.425,0.3941,-4.031
2096,70.0,0.432,0.3939,-4.072
2097,70.0,0.438,0.3936,-4.107
2098,70.0,0.445,0.3933,-4.148
2099,70.0,0.452,0.393,-4.188
2100,70.0,0.459,0.3928,-4.228
2101,70.0,0.466,0.3925,-4.267
2102,70.0,0.473,0.3922,-4.306
2103,70.0,0.48,0.392,-4.345
2104,70.0,0.488,0.3917,-4.388
2105,70.0,0.495,0.3914,-4.425
2106,70.0,0.503,0.3911,-4.467
2107,70.0,0.51,0.3908,-4.503
2108,70.0,0.518,0.3906,-4.543
2109,70.0,0.526,0.3903,-4.583
2110,70.0,0.534,0.39,-4.621
2111,70.0,0.542,0.3897,-4.659
2112,70.0,0.551,0.3894,-4.702
2113,70.0,0.559,0.3891,-4.739
2114,70.0,0.568,0.3888,-4.782
2115,70.0,0.576,0.3885,-4.82
2116,70.0,0.585,0.3881,-4.862
2117,70.0,0.594,0.3878,-4.905
2118,70.0,0.603,0.3875,-4.948
2119,70.0,0.613,0.3871,-4.995
2120,70.0,0.622,0.3867,-5.037
2121,70.0,0.632,0.3864,-5.084
2122,70.0,0.641,0.386,-5.125
2123,70.0,0.651,0.3857,-5.172
2124,70.0,0.661,0.3853,-5.217
2125,70.0,0.671,0.3849,-5.263
2126,70.0,0.682,0.3846,-5.312
2127,70.0,0.692,0.3842,-5.357
2128,70.0,0.703,0.3838,-5.405
2129,70.0,0.713,0.3835,-5.449
2130,70.0,0.724,0.3831,-5.496
2131,70.0,0.736,0.3827,-5.547
2132,70.0,0.747,0.3823,-5.592
2133,70.0,0.758,0.382,-5.637
2134,70.0,0.77,0.3816,-5.685
2135,70.0,0.782,0.3812,-5.732
2136,70.0,0.794,0.3809,-5.777
2137,70.0,0.806,0.3805,-5.822
2138,70.0,0.818,0.3802,-5.865
2139,70.0,0.831,0.3798,-5.912
2140,70.0,0.844,0.3793,-5.959
2141,70.0,0.857,0.3789,-6.006
2142,70.0,0.87,0.3785,-6.053
2143,70.0,0.883,0.3781,-6.1
2144,70.0,0.897,0.3777,-6.15
2145,70.0,0.91,0.3773,-6.197
2146,70.0,0.924,0.3768,-6.247
2147,70.0,0.939,0.3764,-6.301
2148,70.0,0.953,0.3759,-6.351
2149,70.0,0.968,0.3755,-6.405
2150,70.0,0.982,0.375,-6.455
2151,70.0,0.997,0.3746,-6.507
2152,70.0,1.013,0.3741,-6.563
2153,70.0,1.028,0.3736,-6.615
2154,70.0,1.044,0.3731,-6.67
2155,70.0,1.06,0.3727,-6.725
2156,70.0,1.076,0.3722,-6.779
2157,70.0,1.093,0.3717,-6.835
2158,70.0,1.11,0.3712,-6.891
2159,70.0,1.127,0.3708,-6.945
2160,70.0,1.144,0.3703,-6.999
2161,70.0,1.162,0.3698,-7.055
2162,70.0,1.179,0.3693,-7.107
2163,70.0,1.198,0.3688,-7.164
2164,70.0,1.216,0.3684,-7.216
2165,70.0,1.235,0.3679,-7.27
2166,70.0,1.254,0.3675,-7.323
2167,70.0,1.273,0.367,-7.374
2168,70.0,1.292,0.3666,-7.424
2169,70.0,1.312,0.3661,-7.476
2170,70.0,1.332,0.3656,-7.529
2171,70.0,1.353,0.3651,-7.584
2172,70.0,1.374,0.3646,-7.64
2173,70.0,1.395,0.3641,-7.695
2174,70.0,1.416,0.3636,-7.751
2175,70.0,1.438,0.3631,-7.809
2176,70.0,1.46,0.3625,-7.867
2177,70.0,1.482,0.362,-7.925
2178,70.0,1.505,0.3615,-7.985
2179,70.0,1.528,0.3609,-8.045
2180,70.0,1.552,0.3603,-8.107
2181,70.0,1.575,0.3598,-8.167
2182,70.0,1.599,0.3592,-8.228
2183,70.0,1.624,0.3587,-8.292
2184,70.0,1.649,0.3581,-8.355
2185,70.0,1.674,0.3575,-8.417
2186,70.0,1.7,0.3569,-8.482
2187,70.0,1.726,0.3564,-8.545
2188,70.0,1.753,0.3558,-8.611
2189,70.0,1.779,0.3552,-8.673
2190,70.0,1.807,0.3546,-8.738
2191,70.0,1.835,0.354,-8.803
2192,70.0,1.863,0.3534,-8.866
2193,70.0,1.891,0.3529,-8.929
2194,70.0,1.92,0.3523,-8.992
2195,70.0,1.95,0.3517,-9.055
2196,70.0,1.98,0.3511,-9.117
2197,70.0,2.01,0.3506,-9.178
2198,70.0,2.041,0.35,-9.238
2199,70.0,2.072,0.3495,-9.297
2200,70.0,2.104,0.349,-9.356
2201,70.0,2.136,0.3485,-9.414
2202,70.0,2.169,0.3479,-9.475
2203,70.0,2.202,0.3474,-9.536
2204,70.0,2.236,0.3468,-9.599
2205,70.0,2.271,0.3462,-9.663
2206,70.0,2.305,0.3456,-9.726
2207,70.0,2.341,0.3451,-9.792
2208,70.0,2.377,0.3445,-9.859
2209,70.0,2.413,0.3439,-9.925
2210,70.0,2.45,0.3432,-9.993
2211,70.0,2.488,0.3426,-10.062
2212,70.0,2.526,0.342,-10.132
2213,70.0,2.565,0.3414,-10.203
2214,70.0,2.604,0.3407,-10.273
2215,70.0,2.644,0.3401,-10.345
2216,70.0,2.685,0.3394,-10.418
2217,70.0,2.726,0.3388,-10.491
2218,70.0,2.768,0.3381,-10.564
2219,70.0,2.81,0.3375,-10.637
2220,70.0,2.853,0.3368,-10.711
2221,70.0,2.897,0.3361,-10.786
2222,70.0,2.942,0.3354,-10.862
2223,70.0,2.987,0.3348,-10.936
2224,70.0,3.033,0.3341,-11.011
2225,70.0,3.079,0.3334,-11.085
2226,70.0,3.126,0.3328,-11.159
2227,70.0,3.174,0.3321,-11.233
2228,70.0,3.223,0.3314,-11.307
2229,70.0,3.273,0.3308,-11.381
2230,70.0,3.323,0.3301,-11.453
2231,70.0,3.374,0.3295,-11.524
2232,70.0,3.426,0.3288,-11.595
2233,70.0,3.478,0.3282,-11.663
2234,70.0,3.532,0.3276,-11.732
2235,70.0,3.586,0.327,-11.798
2236,70.0,3.641,0.3265,-11.866
2237,70.0,3.697,0.3259,-11.935
2238,70.0,3.754,0.3253,-12.005
2239,70.0,3.811,0.3247,-12.075
2240,70.0,3.87,0.3241,-12.148
2241,70.0,3.929,0.3235,-12.22
2242,70.0,3.989,0.3229,-12.294
2243,70.0,4.051,0.3223,-12.371
2244,70.0,4.113,0.3217,-12.447
2245,70.0,4.176,0.321,-12.524
2246,70.0,4.24,0.3204,-12.602
2247,70.0,4.305,0.3197,-12.682
2248,70.0,4.371,0.319,-12.762
2249,70.0,4.438,0.3184,-12.843
2250,70.0,4.506,0.3177,-12.925
2251,70.0,4.575,0.317,-13.008
2252,70.0,4.646,0.3163,-13.092
2253,70.0,4.717,0.3156,-13.176
2254,70.0,4.789,0.3149,-13.261
2255,70.0,4.863,0.3142,-13.347
2256,70.0,4.938,0.3135,-13.433
2257,70.0,5.013,0.3127,-13.519
2258,70.0,5.09,0.312,-13.606
2259,70.0,5.168,0.3113,-13.693
2260,70.0,5.248,0.3106,-13.781
2261,70.0,5.328,0.3099,-13.868
2262,70.0,5.41,0.3091,-13.955
2263,70.0,5.493,0.3084,-14.042
2264,70.0,5.577,0.3077,-14.129
2265,70.0,5.663,0.307,-14.216
2266,70.0,5.75,0.3062,-14.301
2267,70.0,5.838,0.3055,-14.386
2268,70.0,5.928,0.3048,-14.471
2269,70.0,6.019,0.3042,-14.554
2270,70.0,6.111,0.3035,-14.635
2271,70.0,6.205,0.3028,-14.716
2272,70.0,6.3,0.3022,-14.794
2273,70.0,6.397,0.3015,-14.871
2274,70.0,6.495,0.301,-14.948
2275,70.0,6.595,0.3004,-15.027
2276,70.0,6.696,0.2999,-15.107
2277,70.0,6.799,0.2993,-15.188
2278,70.0,6.903,0.2987,-15.27
2279,70.0,7.009,0.2981,-15.354
2280,70.0,7.117,0.2975,-15.439
2281,70.0,7.226,0.2969,-15.525
2282,70.0,7.337,0.2962,-15.612
2283,70.0,7.45,0.2956,-15.7
2284,70.0,7.564,0.295,-15.79
2285,70.0,7.68,0.2943,-15.88
2286,70.0,7.798,0.2937,-15.972
2287,70.0,7.918,0.293,-16.065
2288,70.0,8.039,0.2923,-16.158
2289,70.0,8.162,0.2917,-16.253
2290,70.0,8.288,0.291,-16.349
2291,70.0,8.415,0.2903,-16.446
2292,70.0,8.544,0.2896,-16.543
2293,70.0,8.675,0.2889,-16.641
2294,70.0,8.808,0.2882,-16.74
2295,70.0,8.944,0.2875,-16.841
2296,70.0,9.081,0.2867,-16.941
2297,70.0,9.22,0.286,-17.042
2298,70.0,9.362,0.2853,-17.143
2299,70.0,9.505,0.2846,-17.245
2300,70.0,9.651,0.2838,-17.348
2301,70.0,9.799,0.2831,-17.449
2302,70.0,9.95,0.2824,-17.551
2303,70.0,10.103,0.2816,-17.654
2304,70.0,10.258,0.2809,-17.756
2305,70.0,10.415,0.2802,-17.858
2306,70.0,10.575,0.2794,-17.96
2307,70.0,10.737,0.2787,-18.061
2308,70.0,10.902,0.278,-18.161
2309,70.0,11.069,0.2773,-18.26
2310,70.0,11.239,0.2766,-18.358
2311,70.0,11.412,0.2759,-18.454
2312,70.0,11.587,0.2752,-18.549
2313,70.0,11.765,0.2746,-18.642
2314,70.0,11.945,0.2739,-18.732
2315,70.0,12.129,0.2734,-18.822
2316,70.0,12.315,0.2729,-18.913
2317,70.0,12.504,0.2723,-19.006
2318,70.0,12.696,0.2718,-19.099
2319,70.0,12.891,0.2713,-19.194
2320,70.0,13.089,0.2707,-19.291
2321,70.0,13.289,0.2701,-19.389
2322,70.0,13.493,0.2696,-19.488
2323,70.0,13.701,0.269,-19.589
2324,70.0,13.911,0.2684,-19.69
2325,70.0,14.124,0.2678,-19.793
2326,70.0,14.341,0.2672,-19.897
2327,70.0,14.561,0.2666,-20.002
2328,70.0,14.785,0.266,-20.109
2329,70.0,15.012,0.2654,-20.217
2330,70.0,15.242,0.2647,-20.325
2331,70.0,15.476,0.2641,-20.436
2332,70.0,15.714,0.2635,-20.547
2333,70.0,15.955,0.2628,-20.66
2334,70.0,16.2,0.2622,-20.773
2335,70.0,16.448,0.2615,-20.887
2336,70.0,16.701,0.2608,-21.002
2337,70.0,16.957,0.2602,-21.118
2338,70.0,17.217,0.2595,-21.235
2339,70.0,17.482,0.2588,-21.354
2340,70.0,17.75,0.2581,-21.473
2341,70.0,18.022,0.2574,-21.59
2342,70.0,18.299,0.2568,-21.708
2343,70.0,18.58,0.2561,-21.826
2344,70.0,18.865,0.2554,-21.944
2345,70.0,19.155,0.2547,-22.064
2346,70.0,19.449,0.254,-22.186
2347,70.0,19.747,0.2533,-22.309
2348,70.0,20.05,0.2526,-22.433
2349,70.0,20.358,0.2519,-22.555
2350,70.0,20.671,0.2512,-22.674
2351,70.0,20.988,0.2505,-22.792
2352,70.0,21.31,0.2498,-22.909
2353,70.0,21.637,0.2492,-23.026
2354,70.0,21.969,0.2485,-23.142
2355,70.0,22.306,0.2478,-23.256
2356,70.0,22.649,0.2472,-23.37
2357,70.0,22.996,0.2466,-23.48
2358,70.0,23.349,0.2459,-23.589
2359,70.0,23.708,0.2454,-23.697
2360,70.0,24.072,0.2449,-23.805
2361,70.0,24.441,0.2444,-23.914
2362,70.0,24.816,0.2439,-24.024
2363,70.0,25.197,0.2435,-24.136
2364,70.0,25.584,0.243,-24.249
2365,70.0,25.977,0.2425,-24.363
2366,70.0,26.375,0.242,-24.479
2367,70.0,26.78,0.2414,-24.596
2368,70.0,27.191,0.2409,-24.715
2369,70.0,27.608,0.2404,-24.835
2370,70.0,28.032,0.2399,-24.957
2371,70.0,28.462,0.2393,-25.08
2372,70.0,28.899,0.2388,-25.204
2373,70.0,29.343,0.2382,-25.329
2374,70.0,29.793,0.2377,-25.456
2375,70.0,30.251,0.2371,-25.584
2376,70.0,30.715,0.2366,-25.714
2377,70.0,31.186,0.236,-25.844
2378,70.0,31.665,0.2354,-25.976
2379,70.0,32.151,0.2348,-26.109
2380,70.0,32.645,0.2342,-26.244
2381,70.0,33.146,0.2336,-26.379
2382,70.0,33.654,0.233,-26.516
2383,70.0,34.171,0.2324,-26.653
2384,70.0,34.695,0.2318,-26.791
2385,70.0,35.228,0.2312,-26.931
2386,70.0,35.769,0.2306,-27.071
2387,70.0,36.318,0.23,-27.211
2388,70.0,36.875,0.2294,-27.353
2389,70.0,37.441,0.2288,-27.495
2390,70.0,38.016,0.2281,-27.637
2391,70.0,38.599,0.2275,-27.777
2392,70.0,39.192,0.2269,-27.919
2393,70.0,39.793,0.2263,-28.062
2394,70.0,40.404,0.2256,-28.208
2395,70.0,41.024,0.225,-28.355
2396,70.0,41.654,0.2244,-28.498
2397,70.0,42.293,0.2237,-28.64
2398,70.0,42.942,0.2231,-28.782
2399,70.0,43.601,0.2225,-28.924
2400,70.0,44.271,0.2219,-29.064
2401,70.0,44.95,0.2213,-29.203
2402,70.0,45.64,0.2207,-29.341
2403,70.0,46.341,0.2201,-29.477
2404,70.0,47.052,0.2195,-29.611
2405,70.0,47.774,0.2189,-29.742
2406,70.0,48.507,0.2184,-29.871
2407,70.0,49.252,0.218,-30.0
2408,70.0,50.008,0.2176,-30.13
2409,70.0,50.775,0.2172,-30.262
2410,70.0,51.555,0.2167,-30.395
2411,70.0,52.346,0.2163,-30.53
2412,70.0,53.15,0.2159,-30.666
2413,70.0,53.965,0.2154,-30.805
2414,70.0,54.794,0.215,-30.945
2415,70.0,55.635,0.2145,-31.087
2416,70.0,56.489,0.2141,-31.23
2417,70.0,57.356,0.2136,-31.375
2418,70.0,58.236,0.2132,-31.521
2419,70.0,59.13,0.2127,-31.668
2420,70.0,60.037,0.2122,-31.816
2421,70.0,60.959,0.2118,-31.965
2422,70.0,61.895,0.2113,-32.113
2423,70.0,62.845,0.2108,-32.263
2424,70.0,63.809,0.2103,-32.414
2425,70.0,64.789,0.2099,-32.566
2426,70.0,65.783,0.2094,-32.719
2427,70.0,66.793,0.2089,-32.872
2428,70.0,67.818,0.2084,-33.025
2429,70.0,68.859,0.2079,-33.179
2430,70.0,69.916,0.2074,-33.334
2431,70.0,70.989,0.2069,-33.489
2432,70.0,72.078,0.2064,-33.644
2433,70.0,73.185,0.2059,-33.8
2434,70.0,74.308,0.2054,-33.959
2435,70.0,75.449,0.2049,-34.12
2436,70.0,76.607,0.2044,-34.283
2437,70.0,77.783,0.2039,-34.449
2438,70.0,78.976,0.2033,-34.617
2439,70.0,80.189,0.2028,-34.788
2440,70.0,81.419,0.2023,-34.961
2441,70.0,82.669,0.2017,-35.138
2442,70.0,83.938,0.2011,-35.317
2443,70.0,85.226,0.2006,-35.498
2444,70.0,86.534,0.2,-35.683
2445,70.0,87.863,0.1994,-35.871
2446,70.0,89.211,0.1988,-36.06
2447,70.0,90.581,0.1982,-36.24
2448,70.0,91.971,0.1977,-36.411
2449,70.0,93.382,0.1971,-36.582
2450,70.0,94.816,0.1966,-36.753
2451,70.0,96.271,0.196,-36.922
2452,70.0,97.749,0.1955,-37.085
2453,70.0,99.249,0.195,-37.244
2454,70.0,100.772,0.1945,-37.398
2455,70.0,102.319,0.194,-37.549
2456,70.0,103.89,0.1936,-37.699
2457,70.0,105.484,0.1933,-37.851
2458,70.0,107.103,0.1929,-38.005
2459,70.0,108.747,0.1926,-38.162
2460,70.0,110.416,0.1922,-38.321
2461,70.0,112.111,0.1919,-38.482
2462,70.0,113.832,0.1915,-38.646
2463,70.0,115.579,0.1912,-38.811
2464,70.0,117.353,0.1908,-38.979
2465,70.0,119.154,0.1904,-39.149
2466,70.0,120.983,0.19,-39.321
2467,70.0,122.84,0.1896,-39.496
2468,70.0,124.726,0.1893,-39.673
2469,70.0,126.64,0.1889,-39.851
2470,70.0,128.584,0.1885,-40.031
2471,70.0,130.558,0.1881,-40.212
2472,70.0,132.561,0.1877,-40.391
2473,70.0,134.596,0.1873,-40.569
2474,70.0,136.662,0.1869,-40.743
2475,70.0,138.76,0.1865,-40.914
2476,70.0,140.889,0.1861,-41.085
2477,70.0,143.052,0.1857,-41.257
2478,70.0,145.248,0.1854,-41.43
2479,70.0,147.477,0.185,-41.606
2480,70.0,149.741,0.1846,-41.783
2481,70.0,152.039,0.1842,-41.962
2482,70.0,154.373,0.1838,-42.141
2483,70.0,156.742,0.1834,-42.319
2484,70.0,159.148,0.183,-42.496
2485,70.0,161.591,0.1826,-42.675
2486,70.0,164.071,0.1822,-42.855
2487,70.0,166.589,0.1818,-43.037
2488,70.0,169.146,0.1814,-43.218
2489,70.0,171.742,0.181,-43.399
2490,70.0,174.378,0.1806,-43.585
2491,70.0,177.055,0.1802,-43.773
2492,70.0,179.772,0.1797,-43.964
2493,70.0,182.532,0.1793,-44.154
2494,70.0,185.333,0.1789,-44.348
2495,70.0,188.178,0.1785,-44.545
2496,70.0,191.066,0.178,-44.744
2497,70.0,193.999,0.1776,-44.944
2498,70.0,196.977,0.1771,-45.149
2499,70.0,200.0,0.1767,-45.355
